chap_url,pub_date
eff2565fe0cd4c52b981bd695832ac0e,2014-03-25 09:00
ba5461ef82a545d89aa6067f0eb28aa3,2014-04-01 20:00
b6294e4b17a647bead7460b690306c8f,2014-04-04 12:00
046ec1cf50e34e2c8a128937db804269,2014-04-11 12:00
2c5a8cdbd31b491ebf9927b3ce48e012,2014-04-18 12:00
06d16520b999438c98aa9a4dec6c29b8,2014-04-25 14:00
d80a845f8d3f42cf8e6fdff6a9e00200,2014-05-02 22:00
2e333caeb3b845cdaebeaade5cfac1ad,2014-05-09 13:30
ea122c77f9984a41b4993144e37a57b3,2014-05-16 20:00
d345dda609db4bb499713f8e855f7d81,2014-05-23 18:00