,time,type,chap,detaT
5198,2014-09-15 19:31:39,seq_goto,chap1,0
5235,2014-09-15 19:34:57,problem_check,chap1,0
5236,2014-09-15 19:34:58,problem_graded,chap1,0
5239,2014-09-15 19:35:05,problem_check,chap1,0
5240,2014-09-15 19:35:05,problem_graded,chap1,0
5246,2014-09-15 19:35:08,problem_check,chap1,0
5247,2014-09-15 19:35:08,problem_graded,chap1,0
5248,2014-09-15 19:35:11,problem_show,chap1,0
5249,2014-09-15 19:35:16,seq_goto,chap1,0
5250,2014-09-15 19:35:16,video_event,chap1,0
5326,2014-09-15 19:40:38,seq_goto,chap1,0
5332,2014-09-15 19:41:03,problem_check,chap1,0
5333,2014-09-15 19:41:04,problem_graded,chap1,0
5334,2014-09-15 19:41:04,problem_check,chap1,0
5335,2014-09-15 19:41:05,problem_graded,chap1,0
5336,2014-09-15 19:41:05,problem_check,chap1,0
5337,2014-09-15 19:41:06,problem_graded,chap1,0
5338,2014-09-15 19:41:07,problem_show,chap1,0
5339,2014-09-15 19:41:10,seq_goto,chap1,0
5340,2014-09-15 19:41:11,video_event,chap1,0
5398,2014-09-15 19:47:44,seq_goto,chap1,0
5424,2014-09-15 19:50:23,problem_check,chap1,0
5425,2014-09-15 19:50:23,problem_graded,chap1,0
5515,2014-09-15 19:56:38,problem_check,chap1,0
5516,2014-09-15 19:56:39,problem_graded,chap1,0
5517,2014-09-15 19:56:52,problem_check,chap1,0
5518,2014-09-15 19:56:52,problem_graded,chap1,0
5520,2014-09-15 19:56:58,problem_show,chap1,0
5522,2014-09-15 19:57:01,seq_goto,chap1,0
5523,2014-09-15 19:57:02,video_event,chap1,0
5620,2014-09-15 20:02:37,seq_goto,chap1,0
5629,2014-09-15 20:03:14,problem_check,chap1,0
5630,2014-09-15 20:03:14,problem_graded,chap1,0
5631,2014-09-15 20:03:15,problem_show,chap1,0
5632,2014-09-15 20:03:17,problem_show,chap1,0
5639,2014-09-15 20:03:22,seq_goto,chap1,0
5640,2014-09-15 20:03:22,video_event,chap1,0
5726,2014-09-15 20:08:06,seq_goto,chap1,0
5738,2014-09-15 20:08:41,problem_check,chap1,0
5739,2014-09-15 20:08:42,problem_graded,chap1,0
5740,2014-09-15 20:08:44,problem_check,chap1,0
5741,2014-09-15 20:08:45,problem_graded,chap1,0
5742,2014-09-15 20:08:46,problem_check,chap1,0
5743,2014-09-15 20:08:46,problem_graded,chap1,0
5744,2014-09-15 20:08:49,seq_goto,chap1,0
5745,2014-09-15 20:08:49,video_event,chap1,0
5885,2014-09-15 20:14:30,seq_goto,chap1,0
5890,2014-09-15 20:14:44,problem_check,chap1,0
5892,2014-09-15 20:14:44,problem_graded,chap1,0
5893,2014-09-15 20:14:46,problem_check,chap1,0
5894,2014-09-15 20:14:46,problem_graded,chap1,0
5895,2014-09-15 20:14:46,problem_check,chap1,0
5896,2014-09-15 20:14:47,problem_graded,chap1,0
5897,2014-09-15 20:14:48,seq_goto,chap1,0
5898,2014-09-15 20:14:49,video_event,chap1,0
5906,2014-09-15 20:15:09,seq_next,chap1,0
5911,2014-09-15 20:15:15,seq_goto,chap1,0
5912,2014-09-15 20:15:15,video_event,chap1,0
6006,2014-09-15 20:19:51,seq_next,chap1,0
6025,2014-09-15 20:20:43,seq_goto,chap1,0
6026,2014-09-15 20:20:43,video_event,chap1,0
6089,2014-09-15 20:23:38,seq_next,chap1,0
6096,2014-09-15 20:23:44,problem_check,chap1,0
6097,2014-09-15 20:23:44,problem_graded,chap1,0
6098,2014-09-15 20:23:45,problem_check,chap1,0
6099,2014-09-15 20:23:46,problem_graded,chap1,0
6100,2014-09-15 20:23:47,problem_check,chap1,0
6101,2014-09-15 20:23:47,problem_graded,chap1,0
6102,2014-09-15 20:23:50,page_close,chap1,0
6103,2014-09-15 20:23:50,video_event,chap1,0
6264,2014-09-15 20:31:53,seq_goto,chap1,0
6275,2014-09-15 20:32:15,problem_check,chap1,0
6276,2014-09-15 20:32:16,problem_graded,chap1,0
6277,2014-09-15 20:32:18,problem_show,chap1,0
6278,2014-09-15 20:32:21,seq_goto,chap1,0
6279,2014-09-15 20:32:22,video_event,chap1,0
6357,2014-09-15 20:35:09,seq_goto,chap1,0
6380,2014-09-15 20:35:44,problem_check,chap1,0
6381,2014-09-15 20:35:44,problem_graded,chap1,0
6391,2014-09-15 20:36:00,problem_check,chap1,0
6392,2014-09-15 20:36:00,problem_graded,chap1,0
6398,2014-09-15 20:36:13,problem_check,chap1,0
6399,2014-09-15 20:36:14,problem_graded,chap1,0
6400,2014-09-15 20:36:15,problem_show,chap1,0
6407,2014-09-15 20:36:21,problem_show,chap1,0
6418,2014-09-15 20:36:31,page_close,chap1,0
6419,2014-09-15 20:36:31,video_event,chap1,0
6518,2014-09-15 20:38:59,seq_goto,chap1,0
6529,2014-09-15 20:39:15,problem_check,chap1,0
6530,2014-09-15 20:39:16,problem_graded,chap1,0
6534,2014-09-15 20:39:19,seq_goto,chap1,0
6535,2014-09-15 20:39:19,video_event,chap1,0
6803,2014-09-15 20:48:47,seq_goto,chap1,0
6807,2014-09-15 20:49:06,problem_check,chap1,0
6808,2014-09-15 20:49:06,problem_graded,chap1,0
6809,2014-09-15 20:49:07,problem_show,chap1,0
6812,2014-09-15 20:49:11,page_close,chap1,0
6813,2014-09-15 20:49:11,video_event,chap1,0
6915,2014-09-15 20:54:44,page_close,chap1,0
6968,2014-09-15 20:57:17,page_close,chap1,0
23669,2014-09-17 20:53:27,page_close,chap1,2
25033,2014-09-17 23:17:55,page_close,chap1,2
28138,2014-09-18 21:34:58,page_close,chap1,3
28142,2014-09-18 21:35:14,page_close,chap1,3
52605,2014-09-22 19:41:32,page_close,chap1,7
52628,2014-09-22 19:44:10,seq_goto,chap2,0
52629,2014-09-22 19:44:15,video_event,chap2,0
52637,2014-09-22 19:46:32,seq_goto,chap2,0
52638,2014-09-22 19:46:33,video_event,chap2,0
52683,2014-09-22 19:50:34,seq_goto,chap2,0
52687,2014-09-22 19:50:51,problem_check,chap2,0
52688,2014-09-22 19:50:53,problem_graded,chap2,0
52689,2014-09-22 19:50:53,problem_show,chap2,0
52693,2014-09-22 19:50:57,seq_goto,chap2,0
52694,2014-09-22 19:50:59,video_event,chap2,0
52744,2014-09-22 19:54:20,seq_goto,chap2,0
52745,2014-09-22 19:54:21,video_event,chap2,0
52771,2014-09-22 19:56:46,seq_goto,chap2,0
52772,2014-09-22 19:56:52,video_event,chap2,0
52778,2014-09-22 19:57:30,seq_goto,chap2,0
52779,2014-09-22 19:57:41,problem_check,chap2,0
52780,2014-09-22 19:57:41,problem_graded,chap2,0
52781,2014-09-22 19:57:48,problem_show,chap2,0
52782,2014-09-22 19:57:55,page_close,chap2,0
52783,2014-09-22 19:57:59,video_event,chap2,0
52786,2014-09-22 19:58:47,page_close,chap2,0
52792,2014-09-22 19:59:01,problem_check,chap2,0
52793,2014-09-22 19:59:03,problem_graded,chap2,0
52798,2014-09-22 19:59:17,problem_check,chap2,0
52799,2014-09-22 19:59:18,problem_graded,chap2,0
52801,2014-09-22 19:59:23,problem_check,chap2,0
52802,2014-09-22 19:59:25,problem_graded,chap2,0
52803,2014-09-22 19:59:29,problem_check,chap2,0
52805,2014-09-22 19:59:34,problem_graded,chap2,0
52808,2014-09-22 19:59:35,problem_check,chap2,0
52809,2014-09-22 19:59:36,problem_graded,chap2,0
52811,2014-09-22 19:59:46,problem_check,chap2,0
52812,2014-09-22 19:59:47,problem_graded,chap2,0
52819,2014-09-22 20:00:24,problem_check,chap2,0
52820,2014-09-22 20:00:27,problem_graded,chap2,0
52831,2014-09-22 20:01:07,problem_check,chap2,0
52840,2014-09-22 20:01:57,problem_check,chap2,0
52842,2014-09-22 20:02:12,problem_check,chap2,0
52843,2014-09-22 20:02:32,problem_check,chap2,0
52844,2014-09-22 20:02:32,problem_graded,chap2,0
52845,2014-09-22 20:03:07,problem_check,chap2,0
52846,2014-09-22 20:03:07,problem_graded,chap2,0
52847,2014-09-22 20:03:24,problem_check,chap2,0
52848,2014-09-22 20:03:24,problem_graded,chap2,0
52849,2014-09-22 20:03:40,page_close,chap2,0
52854,2014-09-22 20:04:09,page_close,chap2,0
109451,2014-09-28 22:05:24,page_close,chap2,6
109533,2014-09-28 22:14:30,seq_goto,chap2,6
109535,2014-09-28 22:14:58,problem_check,chap2,6
109536,2014-09-28 22:14:59,problem_graded,chap2,6
109539,2014-09-28 22:15:17,problem_check,chap2,6
109540,2014-09-28 22:15:18,problem_graded,chap2,6
109542,2014-09-28 22:15:20,problem_show,chap2,6
109543,2014-09-28 22:15:23,problem_check,chap2,6
109544,2014-09-28 22:15:23,problem_graded,chap2,6
109546,2014-09-28 22:15:45,page_close,chap2,6
109547,2014-09-28 22:15:45,video_event,chap2,6
116664,2014-09-29 20:32:06,page_close,chap2,7
116693,2014-09-29 20:36:22,seq_goto,chap2,7
116705,2014-09-29 20:37:00,problem_check,chap2,7
116706,2014-09-29 20:37:00,problem_graded,chap2,7
116709,2014-09-29 20:37:02,problem_show,chap2,7
116710,2014-09-29 20:37:05,seq_goto,chap2,7
116711,2014-09-29 20:37:05,video_event,chap2,7
116784,2014-09-29 20:43:55,seq_goto,chap2,7
116786,2014-09-29 20:44:32,problem_check,chap2,7
116787,2014-09-29 20:44:32,problem_graded,chap2,7
116788,2014-09-29 20:44:34,problem_show,chap2,7
116789,2014-09-29 20:44:39,page_close,chap2,7
116790,2014-09-29 20:44:39,video_event,chap2,7
124525,2014-09-30 21:47:29,page_close,chap2,8
124580,2014-09-30 21:52:05,seq_goto,chap2,8
124584,2014-09-30 21:52:12,problem_check,chap2,8
124585,2014-09-30 21:52:13,problem_graded,chap2,8
124589,2014-09-30 21:52:15,problem_show,chap2,8
124595,2014-09-30 21:52:27,seq_goto,chap2,8
124596,2014-09-30 21:52:28,video_event,chap2,8
124701,2014-09-30 22:00:43,seq_goto,chap2,8
124709,2014-09-30 22:01:46,problem_check,chap2,8
124710,2014-09-30 22:01:46,problem_graded,chap2,8
124715,2014-09-30 22:02:19,problem_show,chap2,8
124720,2014-09-30 22:02:35,seq_goto,chap2,8
124721,2014-09-30 22:02:48,page_close,chap2,8
124722,2014-09-30 22:02:48,video_event,chap2,8
124732,2014-09-30 22:03:18,page_close,chap2,8
124742,2014-09-30 22:05:20,page_close,chap2,8
124744,2014-09-30 22:05:32,seq_goto,chap2,8
124779,2014-09-30 22:09:10,seq_goto,chap2,8
124780,2014-09-30 22:09:11,video_event,chap2,8
124877,2014-09-30 22:15:49,seq_goto,chap2,8
124915,2014-09-30 22:16:54,problem_check,chap2,8
124916,2014-09-30 22:16:55,problem_graded,chap2,8
124917,2014-09-30 22:16:58,problem_show,chap2,8
124918,2014-09-30 22:17:04,page_close,chap2,8
124919,2014-09-30 22:17:05,video_event,chap2,8
132670,2014-10-02 9:13:25,page_close,chap2,10
132672,2014-10-02 9:13:35,seq_goto,chap2,10
132689,2014-10-02 9:20:31,page_close,chap2,10
132690,2014-10-02 9:20:31,video_event,chap2,10
132724,2014-10-02 9:28:19,seq_goto,chap2,10
132731,2014-10-02 9:31:18,seq_goto,chap2,10
132732,2014-10-02 9:31:22,problem_check,chap2,10
132733,2014-10-02 9:31:22,problem_graded,chap2,10
132734,2014-10-02 9:31:24,problem_show,chap2,10
132744,2014-10-02 9:35:50,seq_goto,chap2,10
132745,2014-10-02 9:35:51,video_event,chap2,10
132749,2014-10-02 9:36:57,seq_goto,chap2,10
132750,2014-10-02 9:37:00,problem_check,chap2,10
132751,2014-10-02 9:37:00,problem_graded,chap2,10
132752,2014-10-02 9:37:02,problem_show,chap2,10
132753,2014-10-02 9:37:03,seq_goto,chap2,10
132754,2014-10-02 9:37:04,video_event,chap2,10
132772,2014-10-02 9:42:31,seq_goto,chap2,10
132777,2014-10-02 9:43:10,problem_check,chap2,10
132779,2014-10-02 9:43:10,problem_graded,chap2,10
132780,2014-10-02 9:43:12,problem_show,chap2,10
132781,2014-10-02 9:43:18,page_close,chap2,10
132782,2014-10-02 9:43:18,video_event,chap2,10
132786,2014-10-02 9:44:23,page_close,chap2,10
132788,2014-10-02 9:44:33,page_close,chap2,10
136464,2014-10-02 18:48:57,page_close,chap2,10
136465,2014-10-02 18:48:58,video_event,chap2,10
137194,2014-10-02 20:46:38,page_close,chap2,10
137225,2014-10-02 20:51:28,seq_goto,chap2,10
137228,2014-10-02 20:52:05,problem_check,chap2,10
137229,2014-10-02 20:52:05,problem_graded,chap2,10
137230,2014-10-02 20:52:08,problem_show,chap2,10
137231,2014-10-02 20:52:20,problem_show,chap2,10
137234,2014-10-02 20:53:29,seq_goto,chap2,10
137235,2014-10-02 20:53:29,video_event,chap2,10
137254,2014-10-02 20:57:33,seq_goto,chap2,10
137270,2014-10-02 20:58:18,problem_check,chap2,10
137271,2014-10-02 20:58:19,problem_graded,chap2,10
137273,2014-10-02 20:58:21,problem_show,chap2,10
137274,2014-10-02 20:58:24,seq_goto,chap2,10
137275,2014-10-02 20:58:25,video_event,chap2,10
137342,2014-10-02 21:06:58,seq_goto,chap2,10
137346,2014-10-02 21:07:15,problem_check,chap2,10
137347,2014-10-02 21:07:16,problem_graded,chap2,10
137348,2014-10-02 21:07:18,problem_check,chap2,10
137349,2014-10-02 21:07:18,problem_graded,chap2,10
137350,2014-10-02 21:07:19,problem_check,chap2,10
137351,2014-10-02 21:07:19,problem_graded,chap2,10
137352,2014-10-02 21:07:22,seq_goto,chap2,10
137353,2014-10-02 21:07:22,video_event,chap2,10
137400,2014-10-02 21:10:48,seq_goto,chap2,10
137407,2014-10-02 21:11:28,problem_check,chap2,10
137408,2014-10-02 21:11:28,problem_graded,chap2,10
137409,2014-10-02 21:11:29,problem_check,chap2,10
137410,2014-10-02 21:11:29,problem_graded,chap2,10
137411,2014-10-02 21:11:30,problem_check,chap2,10
137412,2014-10-02 21:11:31,problem_graded,chap2,10
137415,2014-10-02 21:11:38,page_close,chap2,10
137416,2014-10-02 21:11:38,video_event,chap2,10
137425,2014-10-02 21:12:45,page_close,chap2,10
137436,2014-10-02 21:13:30,problem_check,chap2,10
137437,2014-10-02 21:13:31,problem_graded,chap2,10
137438,2014-10-02 21:13:33,problem_show,chap2,10
137441,2014-10-02 21:13:47,seq_goto,chap2,10
137443,2014-10-02 21:14:37,problem_check,chap2,10
137444,2014-10-02 21:14:37,problem_graded,chap2,10
137445,2014-10-02 21:14:38,problem_check,chap2,10
137446,2014-10-02 21:14:39,problem_graded,chap2,10
137447,2014-10-02 21:14:39,problem_check,chap2,10
137448,2014-10-02 21:14:40,problem_graded,chap2,10
137449,2014-10-02 21:14:42,seq_goto,chap2,10
137450,2014-10-02 21:15:05,problem_check,chap2,10
137451,2014-10-02 21:15:05,problem_graded,chap2,10
137452,2014-10-02 21:15:06,problem_check,chap2,10
137453,2014-10-02 21:15:06,problem_graded,chap2,10
137454,2014-10-02 21:15:08,problem_check,chap2,10
137455,2014-10-02 21:15:08,problem_graded,chap2,10
137456,2014-10-02 21:15:09,seq_goto,chap2,10
137460,2014-10-02 21:15:33,problem_check,chap2,10
137461,2014-10-02 21:15:33,problem_graded,chap2,10
137462,2014-10-02 21:15:34,problem_check,chap2,10
137463,2014-10-02 21:15:34,problem_graded,chap2,10
137464,2014-10-02 21:15:35,problem_check,chap2,10
137466,2014-10-02 21:15:36,problem_graded,chap2,10
137467,2014-10-02 21:15:37,seq_goto,chap2,10
137470,2014-10-02 21:15:53,problem_check,chap2,10
137471,2014-10-02 21:15:54,problem_graded,chap2,10
137472,2014-10-02 21:15:54,problem_check,chap2,10
137473,2014-10-02 21:15:55,problem_graded,chap2,10
137474,2014-10-02 21:15:55,problem_check,chap2,10
137475,2014-10-02 21:15:56,problem_graded,chap2,10
137476,2014-10-02 21:15:57,seq_goto,chap2,10
137481,2014-10-02 21:16:55,problem_check,chap2,10
137482,2014-10-02 21:16:56,problem_graded,chap2,10
137483,2014-10-02 21:16:57,problem_check,chap2,10
137484,2014-10-02 21:16:57,problem_graded,chap2,10
137485,2014-10-02 21:17:21,problem_show,chap2,10
137486,2014-10-02 21:17:30,seq_goto,chap2,10
137491,2014-10-02 21:17:47,problem_check,chap2,10
137492,2014-10-02 21:17:47,problem_graded,chap2,10
137494,2014-10-02 21:17:48,problem_check,chap2,10
137495,2014-10-02 21:17:48,problem_graded,chap2,10
137497,2014-10-02 21:17:49,problem_show,chap2,10
137498,2014-10-02 21:17:53,seq_goto,chap2,10
137508,2014-10-02 21:18:46,problem_check,chap2,10
137509,2014-10-02 21:18:46,problem_graded,chap2,10
137510,2014-10-02 21:18:49,seq_goto,chap2,10
137540,2014-10-02 21:21:07,page_close,chap2,10
137555,2014-10-02 21:23:37,page_close,chap2,10
137559,2014-10-02 21:23:49,page_close,chap2,10
140354,2014-10-03 11:20:40,page_close,chap2,11
140388,2014-10-03 11:29:30,seq_goto,chap2,11
140389,2014-10-03 11:30:41,problem_check,chap2,11
140390,2014-10-03 11:30:42,problem_graded,chap2,11
140391,2014-10-03 11:31:19,problem_check,chap2,11
140392,2014-10-03 11:31:19,problem_graded,chap2,11
140397,2014-10-03 11:32:02,problem_check,chap2,11
140398,2014-10-03 11:32:02,problem_graded,chap2,11
140399,2014-10-03 11:32:03,problem_show,chap2,11
140400,2014-10-03 11:32:10,page_close,chap2,11
140401,2014-10-03 11:32:10,video_event,chap2,11
140402,2014-10-03 11:32:28,page_close,chap2,11
140524,2014-10-03 11:56:28,problem_check,chap2,11
140525,2014-10-03 11:56:28,problem_graded,chap2,11
140526,2014-10-03 11:56:30,problem_show,chap2,11
140534,2014-10-03 11:57:30,seq_goto,chap2,11
140539,2014-10-03 11:58:12,problem_check,chap2,11
140540,2014-10-03 11:58:12,problem_graded,chap2,11
140541,2014-10-03 11:58:14,problem_check,chap2,11
140542,2014-10-03 11:58:14,problem_graded,chap2,11
140543,2014-10-03 11:58:15,problem_check,chap2,11
140544,2014-10-03 11:58:15,problem_graded,chap2,11
140545,2014-10-03 11:58:17,seq_goto,chap2,11
140553,2014-10-03 11:59:21,problem_check,chap2,11
140554,2014-10-03 11:59:22,problem_graded,chap2,11
140555,2014-10-03 11:59:22,problem_check,chap2,11
140556,2014-10-03 11:59:23,problem_graded,chap2,11
140557,2014-10-03 11:59:23,problem_check,chap2,11
140558,2014-10-03 11:59:24,problem_graded,chap2,11
140559,2014-10-03 11:59:25,seq_goto,chap2,11
140573,2014-10-03 12:02:00,problem_check,chap2,11
140574,2014-10-03 12:02:01,problem_graded,chap2,11
140575,2014-10-03 12:02:02,problem_check,chap2,11
140576,2014-10-03 12:02:03,problem_graded,chap2,11
140577,2014-10-03 12:02:03,problem_check,chap2,11
140578,2014-10-03 12:02:04,problem_graded,chap2,11
140579,2014-10-03 12:02:07,seq_goto,chap2,11
140623,2014-10-03 12:12:55,problem_check,chap2,11
140624,2014-10-03 12:12:55,problem_graded,chap2,11
140625,2014-10-03 12:12:56,problem_check,chap2,11
140626,2014-10-03 12:12:56,problem_graded,chap2,11
140627,2014-10-03 12:12:57,problem_check,chap2,11
140628,2014-10-03 12:12:58,problem_graded,chap2,11
140629,2014-10-03 12:13:00,seq_next,chap2,11
140661,2014-10-03 12:15:32,problem_check,chap2,11
140662,2014-10-03 12:15:32,problem_graded,chap2,11
140678,2014-10-03 12:18:25,problem_check,chap2,11
140679,2014-10-03 12:18:26,problem_graded,chap2,11
140680,2014-10-03 12:18:27,problem_check,chap2,11
140681,2014-10-03 12:18:27,problem_graded,chap2,11
140686,2014-10-03 12:18:30,seq_next,chap2,11
140793,2014-10-03 12:24:05,problem_check,chap2,11
140794,2014-10-03 12:24:05,problem_graded,chap2,11
140798,2014-10-03 12:26:21,problem_check,chap2,11
140799,2014-10-03 12:26:22,problem_graded,chap2,11
140806,2014-10-03 12:27:32,problem_check,chap2,11
140807,2014-10-03 12:27:32,problem_check,chap2,11
140808,2014-10-03 12:27:32,problem_check,chap2,11
140809,2014-10-03 12:27:32,problem_graded,chap2,11
140810,2014-10-03 12:27:32,problem_graded,chap2,11
140811,2014-10-03 12:27:32,problem_graded,chap2,11
140812,2014-10-03 12:27:33,problem_show,chap2,11
140819,2014-10-03 12:27:45,seq_next,chap2,11
140880,2014-10-03 12:38:41,problem_check,chap2,11
140881,2014-10-03 12:38:41,problem_graded,chap2,11
140882,2014-10-03 12:38:43,problem_check,chap2,11
140883,2014-10-03 12:38:43,problem_graded,chap2,11
140884,2014-10-03 12:38:47,problem_check,chap2,11
140885,2014-10-03 12:38:48,problem_check,chap2,11
140886,2014-10-03 12:38:48,problem_check,chap2,11
140887,2014-10-03 12:38:48,problem_graded,chap2,11
140888,2014-10-03 12:38:48,problem_graded,chap2,11
140889,2014-10-03 12:38:48,problem_graded,chap2,11
140890,2014-10-03 12:38:53,problem_show,chap2,11
140891,2014-10-03 12:39:03,page_close,chap2,11
140893,2014-10-03 12:39:43,page_close,chap2,11
164209,2014-10-05 21:04:46,page_close,chap3,6
164585,2014-10-05 21:22:07,seq_goto,chap3,6
164589,2014-10-05 21:22:34,problem_check,chap3,6
164590,2014-10-05 21:22:34,problem_graded,chap3,6
164595,2014-10-05 21:22:42,problem_check,chap3,6
164596,2014-10-05 21:22:42,problem_graded,chap3,6
164597,2014-10-05 21:22:43,problem_check,chap3,6
164599,2014-10-05 21:22:43,problem_graded,chap3,6
164603,2014-10-05 21:22:46,problem_show,chap3,6
164604,2014-10-05 21:22:48,seq_goto,chap3,6
164605,2014-10-05 21:22:49,video_event,chap3,6
164713,2014-10-05 21:26:19,seq_goto,chap3,6
164809,2014-10-05 21:29:26,problem_check,chap3,6
164810,2014-10-05 21:29:27,problem_graded,chap3,6
164811,2014-10-05 21:29:27,problem_check,chap3,6
164812,2014-10-05 21:29:28,problem_graded,chap3,6
164813,2014-10-05 21:29:29,problem_check,chap3,6
164814,2014-10-05 21:29:29,problem_graded,chap3,6
164817,2014-10-05 21:29:34,page_close,chap3,6
164818,2014-10-05 21:29:34,video_event,chap3,6
164824,2014-10-05 21:29:59,page_close,chap3,6
165149,2014-10-05 21:40:13,problem_check,chap3,6
165150,2014-10-05 21:40:14,problem_graded,chap3,6
165151,2014-10-05 21:40:15,problem_check,chap3,6
165152,2014-10-05 21:40:15,problem_graded,chap3,6
165153,2014-10-05 21:40:16,problem_check,chap3,6
165154,2014-10-05 21:40:16,problem_graded,chap3,6
165156,2014-10-05 21:40:18,seq_goto,chap3,6
165170,2014-10-05 21:41:02,seq_goto,chap3,6
165173,2014-10-05 21:41:04,seq_goto,chap3,6
165178,2014-10-05 21:41:15,seq_goto,chap3,6
165182,2014-10-05 21:41:23,page_close,chap3,6
165200,2014-10-05 21:41:53,page_close,chap3,6
226008,2014-10-13 19:54:04,page_close,chap4,7
226095,2014-10-13 20:04:21,seq_goto,chap5,0
226097,2014-10-13 20:04:40,seq_goto,chap5,0
226098,2014-10-13 20:04:41,video_event,chap5,0
226099,2014-10-13 20:04:42,seq_goto,chap5,0
226111,2014-10-13 20:05:21,seq_goto,chap5,0
226112,2014-10-13 20:05:33,problem_check,chap5,0
226113,2014-10-13 20:05:33,problem_graded,chap5,0
226116,2014-10-13 20:05:42,problem_check,chap5,0
226117,2014-10-13 20:05:42,problem_graded,chap5,0
226120,2014-10-13 20:05:55,problem_check,chap5,0
226121,2014-10-13 20:05:56,problem_graded,chap5,0
226122,2014-10-13 20:05:58,problem_show,chap5,0
226238,2014-10-13 20:19:42,page_close,chap5,0
226293,2014-10-13 20:27:30,seq_goto,chap5,0
226300,2014-10-13 20:27:47,problem_check,chap5,0
226301,2014-10-13 20:27:47,problem_graded,chap5,0
226302,2014-10-13 20:27:48,problem_show,chap5,0
226303,2014-10-13 20:27:49,seq_goto,chap5,0
226304,2014-10-13 20:27:50,video_event,chap5,0
226414,2014-10-13 20:38:07,seq_goto,chap5,0
226438,2014-10-13 20:38:51,problem_check,chap5,0
226439,2014-10-13 20:38:52,problem_graded,chap5,0
226440,2014-10-13 20:38:53,problem_show,chap5,0
226445,2014-10-13 20:39:19,page_close,chap5,0
226446,2014-10-13 20:39:19,video_event,chap5,0
226462,2014-10-13 20:39:48,page_close,chap5,0
226469,2014-10-13 20:40:23,page_close,chap5,0
232604,2014-10-14 20:41:06,page_close,chap5,1
232605,2014-10-14 20:41:15,page_close,chap5,1
232649,2014-10-14 20:51:22,seq_goto,chap5,1
232653,2014-10-14 20:51:45,problem_check,chap5,1
232654,2014-10-14 20:51:45,problem_graded,chap5,1
232655,2014-10-14 20:51:46,problem_show,chap5,1
232657,2014-10-14 20:51:47,seq_goto,chap5,1
232658,2014-10-14 20:51:48,video_event,chap5,1
232701,2014-10-14 20:58:38,seq_goto,chap5,1
232716,2014-10-14 20:59:59,problem_check,chap5,1
232717,2014-10-14 20:59:59,problem_graded,chap5,1
232718,2014-10-14 21:00:00,problem_show,chap5,1
232719,2014-10-14 21:00:20,problem_check,chap5,1
232720,2014-10-14 21:00:20,problem_graded,chap5,1
232724,2014-10-14 21:00:32,problem_show,chap5,1
232737,2014-10-14 21:01:26,page_close,chap5,1
232738,2014-10-14 21:01:26,video_event,chap5,1
232816,2014-10-14 21:10:17,seq_goto,chap5,1
232824,2014-10-14 21:11:45,problem_check,chap5,1
232825,2014-10-14 21:11:45,problem_graded,chap5,1
232826,2014-10-14 21:11:46,problem_show,chap5,1
232827,2014-10-14 21:11:50,seq_goto,chap5,1
232828,2014-10-14 21:11:51,video_event,chap5,1
232892,2014-10-14 21:20:46,seq_goto,chap5,1
232897,2014-10-14 21:21:24,problem_check,chap5,1
232898,2014-10-14 21:21:25,problem_check,chap5,1
232899,2014-10-14 21:21:26,problem_graded,chap5,1
232900,2014-10-14 21:21:27,problem_graded,chap5,1
232901,2014-10-14 21:21:27,problem_show,chap5,1
232906,2014-10-14 21:21:35,page_close,chap5,1
232907,2014-10-14 21:21:35,video_event,chap5,1
232971,2014-10-14 21:30:43,page_close,chap5,1
232978,2014-10-14 21:31:39,problem_check,chap5,1
232979,2014-10-14 21:31:39,problem_graded,chap5,1
232980,2014-10-14 21:31:40,problem_show,chap5,1
232982,2014-10-14 21:31:43,seq_goto,chap5,1
233017,2014-10-14 21:37:11,problem_check,chap5,1
233019,2014-10-14 21:37:12,problem_graded,chap5,1
233021,2014-10-14 21:37:15,problem_check,chap5,1
233022,2014-10-14 21:37:15,problem_check,chap5,1
233023,2014-10-14 21:37:16,problem_graded,chap5,1
233024,2014-10-14 21:37:17,problem_graded,chap5,1
233025,2014-10-14 21:37:19,seq_goto,chap5,1
233043,2014-10-14 21:37:59,page_close,chap5,1
236930,2014-10-15 19:01:04,page_close,chap5,2
236931,2014-10-15 19:01:15,page_close,chap5,2
236963,2014-10-15 19:11:26,seq_goto,chap5,2
236965,2014-10-15 19:12:18,problem_check,chap5,2
236966,2014-10-15 19:12:19,problem_graded,chap5,2
236967,2014-10-15 19:12:21,problem_show,chap5,2
236968,2014-10-15 19:12:24,problem_show,chap5,2
236974,2014-10-15 19:12:57,problem_show,chap5,2
236975,2014-10-15 19:13:07,page_close,chap5,2
236976,2014-10-15 19:13:07,video_event,chap5,2
236979,2014-10-15 19:13:24,page_close,chap5,2
236980,2014-10-15 19:13:24,video_event,chap5,2
236981,2014-10-15 19:13:31,seq_goto,chap5,2
236995,2014-10-15 19:19:13,seq_goto,chap5,2
236996,2014-10-15 19:19:21,page_close,chap5,2
236997,2014-10-15 19:19:21,video_event,chap5,2
237002,2014-10-15 19:20:09,page_close,chap5,2
241846,2014-10-16 20:17:58,page_close,chap5,3
241926,2014-10-16 20:24:13,seq_goto,chap5,3
241927,2014-10-16 20:24:13,seq_goto,chap5,3
241933,2014-10-16 20:24:24,seq_goto,chap5,3
241934,2014-10-16 20:24:25,video_event,chap5,3
242000,2014-10-16 20:29:32,seq_goto,chap5,3
242001,2014-10-16 20:29:34,problem_check,chap5,3
242002,2014-10-16 20:29:34,problem_graded,chap5,3
242004,2014-10-16 20:29:37,problem_show,chap5,3
242009,2014-10-16 20:30:16,page_close,chap5,3
242010,2014-10-16 20:30:16,video_event,chap5,3
242013,2014-10-16 20:30:59,page_close,chap5,3
242014,2014-10-16 20:31:12,page_close,chap5,3
242083,2014-10-16 20:38:21,seq_goto,chap5,3
242086,2014-10-16 20:39:32,seq_goto,chap5,3
242087,2014-10-16 20:39:33,video_event,chap5,3
242088,2014-10-16 20:39:34,seq_goto,chap5,3
242089,2014-10-16 20:39:34,seq_goto,chap5,3
242092,2014-10-16 20:39:54,seq_goto,chap5,3
242093,2014-10-16 20:39:54,seq_goto,chap5,3
242094,2014-10-16 20:39:55,seq_goto,chap5,3
242095,2014-10-16 20:39:55,seq_goto,chap5,3
242096,2014-10-16 20:40:07,seq_goto,chap5,3
242097,2014-10-16 20:40:08,video_event,chap5,3
242106,2014-10-16 20:40:42,seq_goto,chap5,3
242107,2014-10-16 20:40:45,problem_check,chap5,3
242108,2014-10-16 20:40:45,problem_check,chap5,3
242109,2014-10-16 20:40:46,problem_graded,chap5,3
242110,2014-10-16 20:40:46,problem_graded,chap5,3
242111,2014-10-16 20:40:46,problem_show,chap5,3
242112,2014-10-16 20:40:48,seq_goto,chap5,3
242113,2014-10-16 20:40:48,video_event,chap5,3
242192,2014-10-16 20:48:43,seq_goto,chap5,3
242240,2014-10-16 20:55:10,problem_check,chap5,3
242241,2014-10-16 20:55:11,problem_graded,chap5,3
242242,2014-10-16 20:55:11,problem_show,chap5,3
242243,2014-10-16 20:55:16,page_close,chap5,3
242244,2014-10-16 20:55:16,video_event,chap5,3
242299,2014-10-16 21:03:40,problem_check,chap5,3
242300,2014-10-16 21:03:40,problem_graded,chap5,3
242302,2014-10-16 21:03:55,problem_check,chap5,3
242303,2014-10-16 21:04:04,problem_check,chap5,3
242305,2014-10-16 21:04:09,problem_show,chap5,3
242307,2014-10-16 21:04:22,seq_goto,chap5,3
242310,2014-10-16 21:04:46,page_close,chap5,3
265931,2014-10-20 20:18:50,page_close,chap5,7
265987,2014-10-20 20:26:44,seq_goto,chap5,7
265988,2014-10-20 20:26:45,seq_goto,chap5,7
265989,2014-10-20 20:26:45,seq_goto,chap5,7
266110,2014-10-20 20:40:17,problem_check,chap5,7
266111,2014-10-20 20:40:18,problem_graded,chap5,7
266112,2014-10-20 20:40:20,problem_show,chap5,7
266113,2014-10-20 20:40:23,seq_goto,chap5,7
266116,2014-10-20 20:40:24,video_event,chap5,7
266214,2014-10-20 20:50:01,seq_goto,chap5,7
266417,2014-10-20 21:06:09,problem_check,chap5,7
266418,2014-10-20 21:06:10,problem_graded,chap5,7
266419,2014-10-20 21:06:10,problem_show,chap5,7
266420,2014-10-20 21:06:13,seq_goto,chap5,7
266421,2014-10-20 21:06:13,video_event,chap5,7
266496,2014-10-20 21:10:57,seq_goto,chap5,7
266594,2014-10-20 21:19:40,problem_check,chap5,7
266595,2014-10-20 21:19:40,problem_graded,chap5,7
266596,2014-10-20 21:19:41,problem_show,chap5,7
266602,2014-10-20 21:20:12,problem_check,chap5,7
266603,2014-10-20 21:20:13,problem_graded,chap5,7
266604,2014-10-20 21:20:13,problem_show,chap5,7
266610,2014-10-20 21:20:25,page_close,chap5,7
266611,2014-10-20 21:20:25,video_event,chap5,7
266621,2014-10-20 21:21:25,page_close,chap5,7
266690,2014-10-20 21:29:18,problem_check,chap5,7
266692,2014-10-20 21:29:19,problem_graded,chap5,7
266721,2014-10-20 21:34:54,problem_check,chap5,7
266722,2014-10-20 21:34:54,problem_graded,chap5,7
266753,2014-10-20 21:36:46,problem_check,chap5,7
266754,2014-10-20 21:36:47,problem_graded,chap5,7
266755,2014-10-20 21:36:52,seq_goto,chap5,7
266803,2014-10-20 21:44:10,problem_check,chap5,7
266804,2014-10-20 21:44:11,problem_graded,chap5,7
266881,2014-10-20 21:51:24,problem_check,chap5,7
266882,2014-10-20 21:51:24,problem_check,chap5,7
266883,2014-10-20 21:51:25,problem_graded,chap5,7
266884,2014-10-20 21:51:25,problem_graded,chap5,7
266900,2014-10-20 21:52:48,problem_check,chap5,7
266901,2014-10-20 21:52:48,problem_graded,chap5,7
266902,2014-10-20 21:52:50,problem_show,chap5,7
266906,2014-10-20 21:53:00,seq_goto,chap5,7
267225,2014-10-20 22:31:21,problem_check,chap5,7
267226,2014-10-20 22:31:21,problem_graded,chap5,7
267230,2014-10-20 22:31:46,problem_check,chap5,7
267231,2014-10-20 22:31:47,problem_graded,chap5,7
267370,2014-10-20 22:41:25,problem_check,chap5,7
267371,2014-10-20 22:41:27,problem_graded,chap5,7
267384,2014-10-20 22:42:06,problem_show,chap5,7
267428,2014-10-20 22:44:36,page_close,chap5,7
270576,2014-10-21 21:19:31,page_close,chap5,8
270588,2014-10-21 21:20:06,page_close,chap5,8
270663,2014-10-21 21:29:13,seq_goto,chap6,1
270664,2014-10-21 21:30:00,problem_check,chap6,1
270665,2014-10-21 21:30:00,problem_graded,chap6,1
270666,2014-10-21 21:30:01,problem_show,chap6,1
270667,2014-10-21 21:30:13,problem_check,chap6,1
270668,2014-10-21 21:30:13,problem_graded,chap6,1
270669,2014-10-21 21:30:14,problem_show,chap6,1
270671,2014-10-21 21:30:21,page_close,chap6,1
270672,2014-10-21 21:30:21,video_event,chap6,1
270685,2014-10-21 21:31:25,page_close,chap6,1
270771,2014-10-21 21:42:46,seq_goto,chap6,1
270776,2014-10-21 21:43:01,problem_check,chap6,1
270777,2014-10-21 21:43:02,problem_graded,chap6,1
270778,2014-10-21 21:43:03,problem_show,chap6,1
270790,2014-10-21 21:45:36,problem_check,chap6,1
270791,2014-10-21 21:45:36,problem_graded,chap6,1
270793,2014-10-21 21:45:43,problem_show,chap6,1
270794,2014-10-21 21:45:53,problem_show,chap6,1
270829,2014-10-21 21:48:08,page_close,chap6,1
270830,2014-10-21 21:48:08,video_event,chap6,1
270833,2014-10-21 21:48:50,page_close,chap6,1
270835,2014-10-21 21:49:07,seq_goto,chap5,8
270848,2014-10-21 21:52:32,page_close,chap5,8
270849,2014-10-21 21:52:33,video_event,chap5,8
270854,2014-10-21 21:53:08,page_close,chap5,8
270857,2014-10-21 21:53:18,seq_goto,chap5,8
270858,2014-10-21 21:53:20,seq_goto,chap5,8
270861,2014-10-21 21:53:28,page_close,chap5,8
270862,2014-10-21 21:53:28,video_event,chap5,8
270908,2014-10-21 21:59:20,page_close,chap5,8
270909,2014-10-21 21:59:20,video_event,chap5,8
307889,2014-10-29 21:31:58,page_close,chap7,2
307900,2014-10-29 21:35:55,seq_goto,chap7,2
307901,2014-10-29 21:36:17,problem_check,chap7,2
307902,2014-10-29 21:36:17,problem_graded,chap7,2
307903,2014-10-29 21:36:18,problem_show,chap7,2
307904,2014-10-29 21:36:19,seq_goto,chap7,2
307905,2014-10-29 21:36:21,video_event,chap7,2
307954,2014-10-29 21:46:42,seq_goto,chap7,2
307957,2014-10-29 21:47:10,problem_check,chap7,2
307958,2014-10-29 21:47:10,problem_graded,chap7,2
307959,2014-10-29 21:47:11,problem_show,chap7,2
307960,2014-10-29 21:47:13,seq_goto,chap7,2
307961,2014-10-29 21:47:14,video_event,chap7,2
307981,2014-10-29 21:50:12,page_close,chap7,2
307982,2014-10-29 21:50:12,video_event,chap7,2
310898,2014-10-30 19:11:09,page_close,chap7,3
310990,2014-10-30 19:52:38,seq_goto,chap7,3
310993,2014-10-30 19:54:03,problem_check,chap7,3
310994,2014-10-30 19:54:03,problem_graded,chap7,3
310995,2014-10-30 19:54:05,problem_show,chap7,3
310996,2014-10-30 19:54:08,seq_goto,chap7,3
310997,2014-10-30 19:54:08,video_event,chap7,3
311014,2014-10-30 20:05:35,page_close,chap7,3
311015,2014-10-30 20:05:35,video_event,chap7,3
311024,2014-10-30 20:08:17,problem_check,chap7,3
311025,2014-10-30 20:08:18,problem_graded,chap7,3
311026,2014-10-30 20:08:19,problem_check,chap7,3
311027,2014-10-30 20:08:19,problem_graded,chap7,3
311028,2014-10-30 20:08:20,problem_check,chap7,3
311029,2014-10-30 20:08:20,problem_graded,chap7,3
311030,2014-10-30 20:08:23,seq_goto,chap7,3
311043,2014-10-30 20:15:08,problem_check,chap7,3
311044,2014-10-30 20:15:08,problem_graded,chap7,3
311050,2014-10-30 20:16:41,problem_check,chap7,3
311051,2014-10-30 20:16:42,problem_graded,chap7,3
311052,2014-10-30 20:16:46,problem_check,chap7,3
311053,2014-10-30 20:16:46,problem_graded,chap7,3
311054,2014-10-30 20:16:48,seq_goto,chap7,3
311149,2014-10-30 20:34:19,problem_check,chap7,3
311150,2014-10-30 20:34:19,problem_graded,chap7,3
311154,2014-10-30 20:35:25,problem_check,chap7,3
311155,2014-10-30 20:35:25,problem_graded,chap7,3
311156,2014-10-30 20:35:28,problem_show,chap7,3
311157,2014-10-30 20:35:45,seq_goto,chap7,3
311350,2014-10-30 21:12:13,problem_check,chap7,3
311351,2014-10-30 21:12:13,problem_graded,chap7,3
311411,2014-10-30 21:27:10,problem_check,chap7,3
311412,2014-10-30 21:27:10,problem_graded,chap7,3
311419,2014-10-30 21:31:00,problem_check,chap7,3
311420,2014-10-30 21:31:00,problem_graded,chap7,3
311423,2014-10-30 21:31:36,problem_show,chap7,3
311426,2014-10-30 21:33:09,seq_goto,chap7,3
311431,2014-10-30 21:36:09,seq_goto,chap7,3
311432,2014-10-30 21:36:23,seq_goto,chap7,3
311570,2014-10-30 21:43:23,problem_check,chap7,3
311571,2014-10-30 21:43:23,problem_graded,chap7,3
311633,2014-10-30 21:47:21,problem_check,chap7,3
311634,2014-10-30 21:47:21,problem_graded,chap7,3
311641,2014-10-30 21:48:29,problem_check,chap7,3
311642,2014-10-30 21:48:29,problem_graded,chap7,3
311644,2014-10-30 21:48:38,problem_show,chap7,3
311652,2014-10-30 21:49:19,seq_goto,chap7,3
311669,2014-10-30 21:53:54,problem_check,chap7,3
311670,2014-10-30 21:53:55,problem_graded,chap7,3
311680,2014-10-30 21:55:15,problem_check,chap7,3
311681,2014-10-30 21:55:15,problem_graded,chap7,3
311682,2014-10-30 21:55:17,problem_check,chap7,3
311683,2014-10-30 21:55:17,problem_graded,chap7,3
311684,2014-10-30 21:55:18,problem_show,chap7,3
311685,2014-10-30 21:55:39,seq_goto,chap7,3
311708,2014-10-30 22:02:36,problem_check,chap7,3
311709,2014-10-30 22:02:36,problem_graded,chap7,3
311775,2014-10-30 22:07:40,problem_check,chap7,3
311776,2014-10-30 22:07:41,problem_graded,chap7,3
311833,2014-10-30 22:09:48,problem_check,chap7,3
311835,2014-10-30 22:10:14,problem_show,chap7,3
311837,2014-10-30 22:10:25,page_close,chap7,3
335605,2014-11-05 19:27:50,page_close,chap8,2
335637,2014-11-05 19:41:18,seq_goto,chap8,2
335639,2014-11-05 19:41:51,problem_check,chap8,2
335640,2014-11-05 19:41:52,problem_graded,chap8,2
335641,2014-11-05 19:41:52,problem_show,chap8,2
335642,2014-11-05 19:41:55,seq_goto,chap8,2
335643,2014-11-05 19:41:56,video_event,chap8,2
335656,2014-11-05 19:46:22,seq_goto,chap8,2
335659,2014-11-05 19:48:32,problem_check,chap8,2
335660,2014-11-05 19:48:32,problem_graded,chap8,2
335661,2014-11-05 19:48:33,problem_show,chap8,2
335662,2014-11-05 19:48:40,seq_goto,chap8,2
335663,2014-11-05 19:48:41,video_event,chap8,2
335674,2014-11-05 19:52:55,seq_goto,chap8,2
335675,2014-11-05 19:53:00,seq_goto,chap8,2
335676,2014-11-05 19:53:01,video_event,chap8,2
335694,2014-11-05 20:01:29,seq_goto,chap8,2
335706,2014-11-05 20:03:19,problem_check,chap8,2
335707,2014-11-05 20:03:19,problem_graded,chap8,2
335708,2014-11-05 20:03:20,problem_show,chap8,2
335709,2014-11-05 20:03:23,seq_goto,chap8,2
335710,2014-11-05 20:03:24,video_event,chap8,2
335724,2014-11-05 20:07:11,seq_goto,chap8,2
335727,2014-11-05 20:07:22,problem_check,chap8,2
335728,2014-11-05 20:07:22,problem_graded,chap8,2
335729,2014-11-05 20:07:23,problem_show,chap8,2
335730,2014-11-05 20:07:25,seq_goto,chap8,2
335731,2014-11-05 20:07:26,video_event,chap8,2
335747,2014-11-05 20:10:19,page_close,chap8,2
335748,2014-11-05 20:10:19,video_event,chap8,2
338810,2014-11-06 18:55:48,page_close,chap8,3
338818,2014-11-06 19:06:42,seq_goto,chap8,3
338826,2014-11-06 19:10:17,problem_check,chap8,3
338827,2014-11-06 19:10:17,problem_graded,chap8,3
338829,2014-11-06 19:10:19,problem_check,chap8,3
338831,2014-11-06 19:10:19,problem_graded,chap8,3
338832,2014-11-06 19:10:20,problem_check,chap8,3
338833,2014-11-06 19:10:20,problem_graded,chap8,3
338834,2014-11-06 19:10:23,problem_show,chap8,3
338837,2014-11-06 19:10:49,problem_check,chap8,3
338838,2014-11-06 19:10:49,problem_graded,chap8,3
338839,2014-11-06 19:10:50,problem_show,chap8,3
338840,2014-11-06 19:10:56,seq_goto,chap8,3
338841,2014-11-06 19:10:57,video_event,chap8,3
338853,2014-11-06 19:20:20,seq_goto,chap8,3
338854,2014-11-06 19:21:30,problem_check,chap8,3
338855,2014-11-06 19:21:30,problem_graded,chap8,3
338856,2014-11-06 19:21:31,problem_show,chap8,3
338857,2014-11-06 19:21:35,problem_show,chap8,3
338858,2014-11-06 19:21:37,problem_show,chap8,3
338859,2014-11-06 19:21:47,page_close,chap8,3
338860,2014-11-06 19:21:47,video_event,chap8,3
338863,2014-11-06 19:22:18,page_close,chap8,3
342262,2014-11-07 20:01:25,page_close,chap8,4
342345,2014-11-07 20:15:51,seq_goto,chap8,4
342346,2014-11-07 20:16:30,problem_check,chap8,4
342347,2014-11-07 20:16:30,problem_graded,chap8,4
342348,2014-11-07 20:17:01,problem_check,chap8,4
342349,2014-11-07 20:17:01,problem_graded,chap8,4
342350,2014-11-07 20:17:03,problem_show,chap8,4
342355,2014-11-07 20:18:10,seq_goto,chap8,4
342356,2014-11-07 20:18:11,video_event,chap8,4
342357,2014-11-07 20:18:11,seq_goto,chap8,4
342359,2014-11-07 20:18:21,seq_goto,chap8,4
342360,2014-11-07 20:18:27,seq_goto,chap8,4
342361,2014-11-07 20:18:33,video_event,chap8,4
342365,2014-11-07 20:20:22,seq_goto,chap8,4
342416,2014-11-07 20:26:56,problem_check,chap8,4
342417,2014-11-07 20:26:57,problem_graded,chap8,4
342418,2014-11-07 20:27:00,problem_check,chap8,4
342419,2014-11-07 20:27:00,problem_graded,chap8,4
342420,2014-11-07 20:27:01,problem_check,chap8,4
342421,2014-11-07 20:27:01,problem_graded,chap8,4
342423,2014-11-07 20:27:03,problem_show,chap8,4
342424,2014-11-07 20:27:05,problem_show,chap8,4
342426,2014-11-07 20:27:09,seq_goto,chap8,4
342427,2014-11-07 20:27:10,video_event,chap8,4
342493,2014-11-07 20:35:52,seq_goto,chap8,4
342499,2014-11-07 20:38:06,problem_check,chap8,4
342501,2014-11-07 20:38:06,problem_check,chap8,4
342502,2014-11-07 20:38:07,problem_graded,chap8,4
342503,2014-11-07 20:38:07,problem_graded,chap8,4
342504,2014-11-07 20:38:08,problem_show,chap8,4
342509,2014-11-07 20:38:23,page_close,chap8,4
342510,2014-11-07 20:38:23,video_event,chap8,4
348865,2014-11-09 12:15:35,page_close,chap8,6
348866,2014-11-09 12:15:43,page_close,chap8,6
349124,2014-11-09 13:02:18,page_close,chap8,6
349126,2014-11-09 13:02:22,seq_goto,chap8,6
349129,2014-11-09 13:02:29,problem_check,chap8,6
349130,2014-11-09 13:02:30,problem_graded,chap8,6
349131,2014-11-09 13:02:30,problem_check,chap8,6
349132,2014-11-09 13:02:30,problem_graded,chap8,6
349133,2014-11-09 13:02:32,seq_goto,chap8,6
349134,2014-11-09 13:02:32,video_event,chap8,6
349136,2014-11-09 13:02:34,seq_goto,chap8,6
349137,2014-11-09 13:03:17,problem_check,chap8,6
349138,2014-11-09 13:03:17,problem_check,chap8,6
349139,2014-11-09 13:03:17,problem_graded,chap8,6
349140,2014-11-09 13:03:18,problem_graded,chap8,6
349141,2014-11-09 13:03:18,problem_check,chap8,6
349142,2014-11-09 13:03:18,problem_graded,chap8,6
349143,2014-11-09 13:03:20,seq_goto,chap8,6
349144,2014-11-09 13:03:20,video_event,chap8,6
349145,2014-11-09 13:03:21,seq_goto,chap8,6
349146,2014-11-09 13:03:32,problem_check,chap8,6
349147,2014-11-09 13:03:32,problem_graded,chap8,6
349148,2014-11-09 13:03:33,problem_check,chap8,6
349149,2014-11-09 13:03:34,problem_graded,chap8,6
349150,2014-11-09 13:03:34,problem_check,chap8,6
349151,2014-11-09 13:03:35,problem_graded,chap8,6
349152,2014-11-09 13:03:36,problem_show,chap8,6
349153,2014-11-09 13:03:43,page_close,chap8,6
349154,2014-11-09 13:03:43,video_event,chap8,6
349329,2014-11-09 13:44:12,page_close,chap8,6
349367,2014-11-09 13:49:21,seq_goto,chap8,6
349382,2014-11-09 13:53:22,problem_check,chap8,6
349383,2014-11-09 13:53:22,problem_graded,chap8,6
349384,2014-11-09 13:53:23,problem_check,chap8,6
349385,2014-11-09 13:53:23,problem_graded,chap8,6
349386,2014-11-09 13:53:24,problem_check,chap8,6
349387,2014-11-09 13:53:24,problem_graded,chap8,6
349388,2014-11-09 13:53:34,page_close,chap8,6
349389,2014-11-09 13:53:34,video_event,chap8,6
349443,2014-11-09 14:06:00,problem_check,chap8,6
349444,2014-11-09 14:06:00,problem_graded,chap8,6
349445,2014-11-09 14:06:00,problem_check,chap8,6
349446,2014-11-09 14:06:01,problem_graded,chap8,6
349447,2014-11-09 14:06:01,problem_check,chap8,6
349448,2014-11-09 14:06:01,problem_graded,chap8,6
349449,2014-11-09 14:06:03,seq_goto,chap8,6
349457,2014-11-09 14:09:00,problem_check,chap8,6
349458,2014-11-09 14:09:01,problem_graded,chap8,6
349459,2014-11-09 14:09:12,problem_check,chap8,6
349460,2014-11-09 14:09:12,problem_graded,chap8,6
349461,2014-11-09 14:09:17,problem_check,chap8,6
349462,2014-11-09 14:09:17,problem_graded,chap8,6
349463,2014-11-09 14:09:20,seq_goto,chap8,6
349472,2014-11-09 14:11:30,problem_check,chap8,6
349473,2014-11-09 14:11:30,problem_graded,chap8,6
349474,2014-11-09 14:11:31,problem_show,chap8,6
349475,2014-11-09 14:11:36,seq_goto,chap8,6
349488,2014-11-09 14:14:32,problem_check,chap8,6
349490,2014-11-09 14:14:32,problem_graded,chap8,6
349493,2014-11-09 14:15:12,problem_check,chap8,6
349494,2014-11-09 14:15:13,problem_graded,chap8,6
349499,2014-11-09 14:16:35,problem_check,chap8,6
349500,2014-11-09 14:16:35,problem_graded,chap8,6
349501,2014-11-09 14:16:38,problem_show,chap8,6
349523,2014-11-09 14:20:23,seq_goto,chap8,6
349582,2014-11-09 14:29:01,problem_check,chap8,6
349583,2014-11-09 14:29:01,problem_graded,chap8,6
349584,2014-11-09 14:29:02,problem_check,chap8,6
349586,2014-11-09 14:29:03,problem_graded,chap8,6
349588,2014-11-09 14:29:03,problem_check,chap8,6
349589,2014-11-09 14:29:03,problem_graded,chap8,6
349590,2014-11-09 14:29:04,problem_show,chap8,6
349591,2014-11-09 14:29:14,seq_goto,chap8,6
349621,2014-11-09 14:37:02,problem_check,chap8,6
349622,2014-11-09 14:37:02,problem_graded,chap8,6
349623,2014-11-09 14:37:03,problem_check,chap8,6
349624,2014-11-09 14:37:03,problem_graded,chap8,6
349625,2014-11-09 14:37:04,problem_check,chap8,6
349626,2014-11-09 14:37:04,problem_graded,chap8,6
349627,2014-11-09 14:37:06,seq_goto,chap8,6
349666,2014-11-09 14:45:28,problem_check,chap8,6
349667,2014-11-09 14:45:28,problem_graded,chap8,6
349708,2014-11-09 14:50:46,problem_check,chap8,6
349709,2014-11-09 14:50:46,problem_graded,chap8,6
349737,2014-11-09 14:56:55,problem_check,chap8,6
349738,2014-11-09 14:56:55,problem_graded,chap8,6
349739,2014-11-09 14:57:01,problem_show,chap8,6
349753,2014-11-09 14:58:18,page_close,chap8,6
349754,2014-11-09 14:58:57,page_close,chap8,6
364962,2014-11-12 20:37:39,page_close,chap9,2
364990,2014-11-12 20:41:19,seq_goto,chap9,2
365014,2014-11-12 20:45:10,problem_check,chap9,2
365015,2014-11-12 20:45:11,problem_graded,chap9,2
365016,2014-11-12 20:45:22,problem_check,chap9,2
365017,2014-11-12 20:45:22,problem_graded,chap9,2
365018,2014-11-12 20:45:23,problem_check,chap9,2
365019,2014-11-12 20:45:23,problem_graded,chap9,2
365020,2014-11-12 20:45:24,problem_show,chap9,2
365021,2014-11-12 20:45:26,seq_goto,chap9,2
365022,2014-11-12 20:45:27,video_event,chap9,2
365038,2014-11-12 20:47:34,seq_goto,chap9,2
365039,2014-11-12 20:48:10,problem_check,chap9,2
365040,2014-11-12 20:48:10,problem_graded,chap9,2
365041,2014-11-12 20:48:11,problem_check,chap9,2
365042,2014-11-12 20:48:12,problem_graded,chap9,2
365043,2014-11-12 20:48:12,problem_check,chap9,2
365044,2014-11-12 20:48:12,problem_graded,chap9,2
365045,2014-11-12 20:48:13,seq_goto,chap9,2
365046,2014-11-12 20:48:14,video_event,chap9,2
365109,2014-11-12 20:56:51,seq_goto,chap9,2
365192,2014-11-12 21:07:12,problem_check,chap9,2
365193,2014-11-12 21:07:12,problem_graded,chap9,2
365194,2014-11-12 21:07:13,problem_check,chap9,2
365195,2014-11-12 21:07:13,problem_graded,chap9,2
365196,2014-11-12 21:07:14,problem_check,chap9,2
365197,2014-11-12 21:07:14,problem_graded,chap9,2
365198,2014-11-12 21:07:15,problem_show,chap9,2
365199,2014-11-12 21:07:18,seq_goto,chap9,2
365200,2014-11-12 21:07:19,video_event,chap9,2
365201,2014-11-12 21:07:19,seq_goto,chap9,2
365222,2014-11-12 21:10:10,page_close,chap9,2
365223,2014-11-12 21:10:10,video_event,chap9,2
368414,2014-11-13 20:09:20,page_close,chap9,3
368542,2014-11-13 20:39:35,seq_goto,chap9,3
368551,2014-11-13 20:40:53,problem_check,chap9,3
368552,2014-11-13 20:40:53,problem_graded,chap9,3
368553,2014-11-13 20:40:54,problem_check,chap9,3
368554,2014-11-13 20:40:55,problem_graded,chap9,3
368555,2014-11-13 20:40:55,problem_check,chap9,3
368556,2014-11-13 20:40:56,problem_graded,chap9,3
368557,2014-11-13 20:40:57,seq_goto,chap9,3
368558,2014-11-13 20:40:57,video_event,chap9,3
368601,2014-11-13 20:44:13,seq_goto,chap9,3
368603,2014-11-13 20:44:27,problem_check,chap9,3
368604,2014-11-13 20:44:27,problem_graded,chap9,3
368605,2014-11-13 20:44:28,problem_check,chap9,3
368606,2014-11-13 20:44:28,problem_graded,chap9,3
368607,2014-11-13 20:44:29,problem_check,chap9,3
368608,2014-11-13 20:44:29,problem_graded,chap9,3
368609,2014-11-13 20:44:30,seq_goto,chap9,3
368610,2014-11-13 20:44:31,video_event,chap9,3
368725,2014-11-13 20:58:10,seq_goto,chap9,3
368726,2014-11-13 20:58:31,problem_check,chap9,3
368727,2014-11-13 20:58:31,problem_graded,chap9,3
368728,2014-11-13 20:58:32,problem_check,chap9,3
368729,2014-11-13 20:58:32,problem_graded,chap9,3
368730,2014-11-13 20:58:33,problem_check,chap9,3
368731,2014-11-13 20:58:33,problem_graded,chap9,3
368732,2014-11-13 20:58:35,seq_goto,chap9,3
368733,2014-11-13 20:58:35,video_event,chap9,3
368734,2014-11-13 20:59:13,seq_next,chap9,3
368735,2014-11-13 20:59:13,video_event,chap9,3
368764,2014-11-13 21:03:44,page_close,chap9,3
368765,2014-11-13 21:03:44,video_event,chap9,3
368810,2014-11-13 21:09:20,problem_check,chap9,3
368811,2014-11-13 21:09:21,problem_graded,chap9,3
368812,2014-11-13 21:09:31,problem_check,chap9,3
368813,2014-11-13 21:09:32,problem_graded,chap9,3
368814,2014-11-13 21:09:33,problem_check,chap9,3
368815,2014-11-13 21:09:34,problem_graded,chap9,3
368816,2014-11-13 21:09:37,problem_show,chap9,3
368820,2014-11-13 21:10:06,page_close,chap9,3
383603,2014-11-17 20:58:14,page_close,chap9,7
383605,2014-11-17 20:58:23,seq_goto,chap9,7
383675,2014-11-17 21:07:54,problem_check,chap9,7
383676,2014-11-17 21:07:55,problem_graded,chap9,7
383705,2014-11-17 21:11:27,problem_check,chap9,7
383706,2014-11-17 21:11:28,problem_graded,chap9,7
383707,2014-11-17 21:11:45,problem_check,chap9,7
383708,2014-11-17 21:11:45,problem_graded,chap9,7
383709,2014-11-17 21:11:50,seq_goto,chap9,7
383838,2014-11-17 21:24:11,problem_check,chap9,7
383839,2014-11-17 21:24:11,problem_graded,chap9,7
383863,2014-11-17 21:26:54,problem_check,chap9,7
383864,2014-11-17 21:26:54,problem_graded,chap9,7
383865,2014-11-17 21:26:57,problem_check,chap9,7
383866,2014-11-17 21:26:58,problem_graded,chap9,7
383868,2014-11-17 21:27:00,problem_show,chap9,7
383869,2014-11-17 21:27:06,seq_goto,chap9,7
383936,2014-11-17 21:35:13,problem_check,chap9,7
383937,2014-11-17 21:35:14,problem_graded,chap9,7
383987,2014-11-17 21:41:51,problem_check,chap9,7
383988,2014-11-17 21:41:52,problem_graded,chap9,7
384011,2014-11-17 21:44:53,problem_check,chap9,7
384012,2014-11-17 21:44:53,problem_graded,chap9,7
384013,2014-11-17 21:44:57,problem_show,chap9,7
384040,2014-11-17 21:46:56,seq_goto,chap9,7
384041,2014-11-17 21:46:56,seq_goto,chap9,7
384203,2014-11-17 22:01:51,problem_check,chap9,7
384204,2014-11-17 22:01:52,problem_graded,chap9,7
384218,2014-11-17 22:02:52,problem_check,chap9,7
384219,2014-11-17 22:02:52,problem_graded,chap9,7
384238,2014-11-17 22:04:26,problem_check,chap9,7
384239,2014-11-17 22:04:27,problem_graded,chap9,7
384241,2014-11-17 22:04:34,seq_goto,chap9,7
384352,2014-11-17 22:17:32,problem_check,chap9,7
384353,2014-11-17 22:17:33,problem_graded,chap9,7
384370,2014-11-17 22:19:10,problem_check,chap9,7
384371,2014-11-17 22:19:11,problem_graded,chap9,7
384385,2014-11-17 22:20:53,problem_check,chap9,7
384386,2014-11-17 22:20:53,problem_graded,chap9,7
384392,2014-11-17 22:20:57,seq_goto,chap9,7
384439,2014-11-17 22:27:25,problem_check,chap9,7
384440,2014-11-17 22:27:26,problem_graded,chap9,7
384441,2014-11-17 22:27:30,problem_show,chap9,7
384443,2014-11-17 22:27:58,seq_goto,chap9,7
384536,2014-11-17 22:41:13,problem_check,chap9,7
384537,2014-11-17 22:41:14,problem_graded,chap9,7
384547,2014-11-17 22:42:00,problem_check,chap9,7
384548,2014-11-17 22:42:01,problem_graded,chap9,7
384553,2014-11-17 22:42:56,problem_check,chap9,7
384554,2014-11-17 22:42:57,problem_graded,chap9,7
384555,2014-11-17 22:43:05,problem_show,chap9,7
384556,2014-11-17 22:43:21,page_close,chap9,7
384561,2014-11-17 22:44:41,page_close,chap9,7
387254,2014-11-18 20:43:18,page_close,chap9,8
387324,2014-11-18 20:54:32,seq_goto,chap10,1
387325,2014-11-18 20:54:32,video_event,chap10,1
387363,2014-11-18 20:59:51,seq_goto,chap10,1
387364,2014-11-18 21:01:05,problem_check,chap10,1
387365,2014-11-18 21:01:05,problem_graded,chap10,1
387366,2014-11-18 21:01:06,problem_check,chap10,1
387367,2014-11-18 21:01:07,problem_graded,chap10,1
387368,2014-11-18 21:01:08,problem_check,chap10,1
387369,2014-11-18 21:01:08,problem_graded,chap10,1
387370,2014-11-18 21:01:09,problem_show,chap10,1
387371,2014-11-18 21:01:11,problem_show,chap10,1
387372,2014-11-18 21:01:19,seq_goto,chap10,1
387373,2014-11-18 21:01:20,video_event,chap10,1
387383,2014-11-18 21:07:26,seq_goto,chap10,1
387384,2014-11-18 21:07:52,problem_check,chap10,1
387385,2014-11-18 21:07:52,problem_graded,chap10,1
387388,2014-11-18 21:07:53,problem_check,chap10,1
387389,2014-11-18 21:07:54,problem_graded,chap10,1
387390,2014-11-18 21:07:55,problem_check,chap10,1
387392,2014-11-18 21:07:55,problem_graded,chap10,1
387394,2014-11-18 21:07:56,problem_show,chap10,1
387397,2014-11-18 21:08:12,page_close,chap10,1
387398,2014-11-18 21:08:12,video_event,chap10,1
390300,2014-11-19 20:20:03,page_close,chap10,2
390316,2014-11-19 20:24:13,seq_goto,chap10,2
390323,2014-11-19 20:28:21,problem_check,chap10,2
390324,2014-11-19 20:28:22,problem_graded,chap10,2
390332,2014-11-19 20:30:42,problem_check,chap10,2
390333,2014-11-19 20:30:43,problem_graded,chap10,2
390334,2014-11-19 20:30:44,problem_show,chap10,2
390335,2014-11-19 20:30:48,seq_goto,chap10,2
390336,2014-11-19 20:30:49,video_event,chap10,2
390358,2014-11-19 20:33:43,seq_goto,chap10,2
390360,2014-11-19 20:34:14,problem_check,chap10,2
390361,2014-11-19 20:34:15,problem_graded,chap10,2
390362,2014-11-19 20:34:16,problem_show,chap10,2
390366,2014-11-19 20:34:20,seq_goto,chap10,2
390368,2014-11-19 20:34:21,video_event,chap10,2
390434,2014-11-19 20:46:21,seq_goto,chap10,2
390435,2014-11-19 20:46:33,problem_check,chap10,2
390436,2014-11-19 20:46:34,problem_graded,chap10,2
390437,2014-11-19 20:46:34,problem_show,chap10,2
390438,2014-11-19 20:46:37,seq_goto,chap10,2
390439,2014-11-19 20:46:38,video_event,chap10,2
390559,2014-11-19 21:05:05,seq_goto,chap10,2
390561,2014-11-19 21:06:22,problem_check,chap10,2
390562,2014-11-19 21:06:22,problem_graded,chap10,2
390563,2014-11-19 21:06:23,problem_check,chap10,2
390564,2014-11-19 21:06:24,problem_graded,chap10,2
390565,2014-11-19 21:06:24,problem_check,chap10,2
390566,2014-11-19 21:06:25,problem_graded,chap10,2
390567,2014-11-19 21:06:25,problem_show,chap10,2
390568,2014-11-19 21:06:28,seq_goto,chap10,2
390569,2014-11-19 21:06:28,video_event,chap10,2
390607,2014-11-19 21:16:34,seq_goto,chap10,2
390614,2014-11-19 21:18:57,problem_check,chap10,2
390615,2014-11-19 21:18:58,problem_graded,chap10,2
390616,2014-11-19 21:18:59,problem_check,chap10,2
390617,2014-11-19 21:18:59,problem_graded,chap10,2
390618,2014-11-19 21:19:00,problem_check,chap10,2
390619,2014-11-19 21:19:01,problem_show,chap10,2
390620,2014-11-19 21:19:01,problem_graded,chap10,2
390622,2014-11-19 21:19:24,page_close,chap10,2
390623,2014-11-19 21:19:24,video_event,chap10,2
392870,2014-11-20 19:41:49,page_close,chap10,3
392871,2014-11-20 19:42:04,seq_goto,chap10,3
393021,2014-11-20 20:19:15,problem_check,chap10,3
393022,2014-11-20 20:19:15,problem_graded,chap10,3
393023,2014-11-20 20:19:16,problem_check,chap10,3
393024,2014-11-20 20:19:17,problem_graded,chap10,3
393025,2014-11-20 20:19:18,problem_check,chap10,3
393026,2014-11-20 20:19:19,problem_show,chap10,3
393027,2014-11-20 20:19:20,problem_show,chap10,3
393028,2014-11-20 20:19:21,problem_show,chap10,3
393029,2014-11-20 20:19:23,seq_goto,chap10,3
393030,2014-11-20 20:19:23,problem_graded,chap10,3
393031,2014-11-20 20:19:24,video_event,chap10,3
393049,2014-11-20 20:21:30,seq_goto,chap10,3
393067,2014-11-20 20:23:49,problem_check,chap10,3
393068,2014-11-20 20:23:49,problem_graded,chap10,3
393075,2014-11-20 20:24:29,problem_check,chap10,3
393076,2014-11-20 20:24:30,problem_graded,chap10,3
393078,2014-11-20 20:24:30,problem_check,chap10,3
393079,2014-11-20 20:24:31,problem_graded,chap10,3
393080,2014-11-20 20:24:31,problem_show,chap10,3
393085,2014-11-20 20:24:40,page_close,chap10,3
393086,2014-11-20 20:24:40,video_event,chap10,3
393089,2014-11-20 20:25:07,page_close,chap10,3
393200,2014-11-20 20:45:32,problem_check,chap10,3
393201,2014-11-20 20:45:32,problem_graded,chap10,3
393202,2014-11-20 20:45:33,problem_check,chap10,3
393203,2014-11-20 20:45:34,problem_graded,chap10,3
393204,2014-11-20 20:45:34,problem_check,chap10,3
393205,2014-11-20 20:45:34,problem_graded,chap10,3
393206,2014-11-20 20:45:36,seq_goto,chap10,3
393293,2014-11-20 20:59:37,problem_check,chap10,3
393294,2014-11-20 20:59:37,problem_check,chap10,3
393295,2014-11-20 20:59:38,problem_graded,chap10,3
393297,2014-11-20 20:59:38,problem_graded,chap10,3
393298,2014-11-20 20:59:40,problem_show,chap10,3
393318,2014-11-20 21:01:41,seq_goto,chap10,3
393351,2014-11-20 21:08:55,seq_goto,chap10,3
393355,2014-11-20 21:08:58,problem_show,chap10,3
393358,2014-11-20 21:09:15,seq_goto,chap10,3
393398,2014-11-20 21:17:25,problem_check,chap10,3
393399,2014-11-20 21:17:26,problem_graded,chap10,3
393422,2014-11-20 21:23:28,problem_check,chap10,3
393424,2014-11-20 21:23:32,problem_graded,chap10,3
393443,2014-11-20 21:27:39,problem_check,chap10,3
393444,2014-11-20 21:27:40,problem_graded,chap10,3
393445,2014-11-20 21:27:43,problem_show,chap10,3
393454,2014-11-20 21:29:50,seq_goto,chap10,3
393502,2014-11-20 21:36:21,problem_check,chap10,3
393503,2014-11-20 21:36:23,problem_graded,chap10,3
393572,2014-11-20 21:50:22,problem_check,chap10,3
393573,2014-11-20 21:50:22,problem_check,chap10,3
393574,2014-11-20 21:50:23,problem_graded,chap10,3
393575,2014-11-20 21:50:23,problem_graded,chap10,3
393605,2014-11-20 21:57:43,problem_check,chap10,3
393606,2014-11-20 21:57:43,problem_graded,chap10,3
393608,2014-11-20 21:58:16,page_close,chap10,3
393639,2014-11-20 22:04:01,page_close,chap10,3
410588,2014-11-24 20:17:59,page_close,chap10,7
410662,2014-11-24 20:27:36,seq_goto,chap10,7
410663,2014-11-24 20:27:36,seq_goto,chap10,7
410679,2014-11-24 20:28:18,problem_check,chap10,7
410680,2014-11-24 20:28:18,problem_graded,chap10,7
410681,2014-11-24 20:28:19,problem_show,chap10,7
410683,2014-11-24 20:28:21,seq_goto,chap10,7
410685,2014-11-24 20:28:22,video_event,chap10,7
410737,2014-11-24 20:34:41,seq_goto,chap10,7
410740,2014-11-24 20:35:35,problem_check,chap10,7
410741,2014-11-24 20:35:35,problem_graded,chap10,7
410742,2014-11-24 20:35:36,problem_check,chap10,7
410743,2014-11-24 20:35:36,problem_graded,chap10,7
410744,2014-11-24 20:35:38,seq_goto,chap10,7
410745,2014-11-24 20:35:39,video_event,chap10,7
410756,2014-11-24 20:37:53,seq_goto,chap10,7
410783,2014-11-24 20:41:39,problem_check,chap10,7
410784,2014-11-24 20:41:39,problem_graded,chap10,7
410785,2014-11-24 20:41:40,problem_show,chap10,7
410791,2014-11-24 20:41:52,page_close,chap10,7
410792,2014-11-24 20:41:52,video_event,chap10,7
410811,2014-11-24 20:43:13,page_close,chap10,7
410812,2014-11-24 20:43:21,page_close,chap10,7
410813,2014-11-24 20:43:21,video_event,chap10,7
410898,2014-11-24 20:52:11,seq_goto,chap10,7
410922,2014-11-24 20:57:56,problem_check,chap10,7
410924,2014-11-24 20:57:56,problem_graded,chap10,7
410925,2014-11-24 20:57:57,problem_check,chap10,7
410926,2014-11-24 20:57:58,problem_graded,chap10,7
410927,2014-11-24 20:57:59,problem_check,chap10,7
410928,2014-11-24 20:57:59,problem_graded,chap10,7
410929,2014-11-24 20:58:01,seq_goto,chap10,7
410930,2014-11-24 20:58:01,video_event,chap10,7
410974,2014-11-24 21:04:36,seq_goto,chap10,7
410985,2014-11-24 21:05:23,problem_check,chap10,7
410986,2014-11-24 21:05:23,problem_graded,chap10,7
410987,2014-11-24 21:05:24,problem_check,chap10,7
410988,2014-11-24 21:05:24,problem_graded,chap10,7
410989,2014-11-24 21:05:25,problem_check,chap10,7
410990,2014-11-24 21:05:26,problem_graded,chap10,7
410991,2014-11-24 21:05:28,problem_show,chap10,7
410993,2014-11-24 21:05:36,page_close,chap10,7
410994,2014-11-24 21:05:36,video_event,chap10,7
414023,2014-11-25 18:40:56,page_close,chap10,8
414062,2014-11-25 18:50:07,seq_goto,chap10,8
414066,2014-11-25 18:50:38,problem_check,chap10,8
414067,2014-11-25 18:50:38,problem_graded,chap10,8
414068,2014-11-25 18:50:40,problem_check,chap10,8
414069,2014-11-25 18:50:40,problem_graded,chap10,8
414071,2014-11-25 18:50:41,problem_check,chap10,8
414072,2014-11-25 18:50:42,problem_graded,chap10,8
414073,2014-11-25 18:50:44,seq_goto,chap10,8
414074,2014-11-25 18:50:44,video_event,chap10,8
414125,2014-11-25 18:59:31,seq_goto,chap10,8
414127,2014-11-25 18:59:32,video_event,chap10,8
414160,2014-11-25 19:04:58,seq_goto,chap10,8
414180,2014-11-25 19:10:26,problem_check,chap10,8
414181,2014-11-25 19:10:26,problem_graded,chap10,8
414182,2014-11-25 19:10:27,problem_check,chap10,8
414183,2014-11-25 19:10:27,problem_graded,chap10,8
414184,2014-11-25 19:10:28,problem_check,chap10,8
414185,2014-11-25 19:10:28,problem_graded,chap10,8
414186,2014-11-25 19:10:29,problem_show,chap10,8
414187,2014-11-25 19:10:32,seq_goto,chap10,8
414188,2014-11-25 19:10:33,video_event,chap10,8
414950,2014-11-25 20:46:05,page_close,chap10,8
414951,2014-11-25 20:46:09,seq_goto,chap10,8
415019,2014-11-25 21:18:10,problem_check,chap10,8
415020,2014-11-25 21:18:10,problem_graded,chap10,8
415021,2014-11-25 21:18:11,problem_show,chap10,8
415022,2014-11-25 21:18:13,problem_show,chap10,8
415025,2014-11-25 21:18:32,page_close,chap10,8
415026,2014-11-25 21:18:32,video_event,chap10,8
415088,2014-11-25 21:38:27,page_close,chap10,8
415089,2014-11-25 21:38:27,video_event,chap10,8
418227,2014-11-26 21:44:33,page_close,chap10,9
418252,2014-11-26 21:48:52,seq_goto,chap10,9
418253,2014-11-26 21:48:52,seq_goto,chap10,9
418254,2014-11-26 21:49:58,problem_check,chap10,9
418255,2014-11-26 21:49:59,problem_graded,chap10,9
418256,2014-11-26 21:49:59,problem_show,chap10,9
418257,2014-11-26 21:50:00,problem_show,chap10,9
418258,2014-11-26 21:50:00,problem_show,chap10,9
418259,2014-11-26 21:50:08,seq_goto,chap10,9
418260,2014-11-26 21:50:09,video_event,chap10,9
418288,2014-11-26 21:54:14,seq_goto,chap10,9
418296,2014-11-26 21:54:57,problem_check,chap10,9
418297,2014-11-26 21:54:57,problem_graded,chap10,9
418298,2014-11-26 21:54:58,problem_show,chap10,9
418299,2014-11-26 21:55:02,seq_goto,chap10,9
418300,2014-11-26 21:55:03,video_event,chap10,9
418304,2014-11-26 21:55:11,seq_goto,chap10,9
418395,2014-11-26 22:06:50,problem_check,chap10,9
418396,2014-11-26 22:06:51,problem_graded,chap10,9
418397,2014-11-26 22:06:52,problem_check,chap10,9
418398,2014-11-26 22:06:52,problem_graded,chap10,9
418399,2014-11-26 22:06:54,problem_check,chap10,9
418400,2014-11-26 22:06:55,problem_graded,chap10,9
418401,2014-11-26 22:06:56,problem_show,chap10,9
418402,2014-11-26 22:06:56,problem_show,chap10,9
418405,2014-11-26 22:06:59,seq_goto,chap10,9
418406,2014-11-26 22:07:01,video_event,chap10,9
418407,2014-11-26 22:07:02,seq_goto,chap10,9
418443,2014-11-26 22:14:48,seq_goto,chap10,9
418469,2014-11-26 22:22:48,problem_check,chap10,9
418470,2014-11-26 22:22:48,problem_graded,chap10,9
418471,2014-11-26 22:22:49,problem_check,chap10,9
418472,2014-11-26 22:22:50,problem_graded,chap10,9
418473,2014-11-26 22:22:51,problem_check,chap10,9
418474,2014-11-26 22:22:51,problem_graded,chap10,9
418475,2014-11-26 22:22:53,seq_goto,chap10,9
418476,2014-11-26 22:22:55,video_event,chap10,9
418478,2014-11-26 22:23:06,seq_goto,chap10,9
418479,2014-11-26 22:23:07,seq_goto,chap10,9
418506,2014-11-26 22:27:18,problem_check,chap10,9
418507,2014-11-26 22:27:18,problem_graded,chap10,9
418510,2014-11-26 22:27:20,problem_show,chap10,9
418511,2014-11-26 22:27:23,problem_show,chap10,9
418512,2014-11-26 22:27:35,page_close,chap10,9
418513,2014-11-26 22:27:35,video_event,chap10,9
418515,2014-11-26 22:28:08,page_close,chap10,9
467379,2014-12-09 22:10:46,page_close,chap12,8
467412,2014-12-09 22:18:42,seq_goto,chap12,8
467420,2014-12-09 22:20:03,seq_goto,chap12,8
467421,2014-12-09 22:20:04,video_event,chap12,8
467455,2014-12-09 22:25:13,seq_goto,chap12,8
467483,2014-12-09 22:30:58,seq_goto,chap12,8
467484,2014-12-09 22:30:58,video_event,chap12,8
467504,2014-12-09 22:36:52,seq_goto,chap12,8
467505,2014-12-09 22:36:52,video_event,chap12,8
467506,2014-12-09 22:37:33,seq_goto,chap12,8
467514,2014-12-09 22:38:37,problem_check,chap12,8
467515,2014-12-09 22:38:37,problem_graded,chap12,8
467516,2014-12-09 22:38:57,problem_check,chap12,8
467517,2014-12-09 22:38:58,problem_graded,chap12,8
467518,2014-12-09 22:38:59,problem_check,chap12,8
467519,2014-12-09 22:38:59,problem_graded,chap12,8
467520,2014-12-09 22:39:00,problem_show,chap12,8
467521,2014-12-09 22:39:03,seq_goto,chap12,8
467522,2014-12-09 22:39:03,video_event,chap12,8
467534,2014-12-09 22:45:09,seq_goto,chap12,8
467542,2014-12-09 22:45:36,seq_goto,chap12,8
467543,2014-12-09 22:45:36,video_event,chap12,8
467563,2014-12-09 22:48:50,seq_goto,chap12,8
467588,2014-12-09 22:56:53,problem_check,chap12,8
467589,2014-12-09 22:56:53,problem_graded,chap12,8
467590,2014-12-09 22:56:54,problem_check,chap12,8
467591,2014-12-09 22:56:54,problem_graded,chap12,8
467592,2014-12-09 22:56:55,problem_check,chap12,8
467593,2014-12-09 22:56:55,problem_graded,chap12,8
467594,2014-12-09 22:56:56,problem_show,chap12,8
467595,2014-12-09 22:57:00,seq_goto,chap12,8
467596,2014-12-09 22:57:00,video_event,chap12,8
467612,2014-12-09 23:02:36,seq_goto,chap12,8
467619,2014-12-09 23:03:35,seq_goto,chap12,8
467620,2014-12-09 23:03:35,video_event,chap12,8
467621,2014-12-09 23:03:50,seq_goto,chap12,8
467623,2014-12-09 23:04:31,problem_check,chap12,8
467624,2014-12-09 23:04:31,problem_graded,chap12,8
467626,2014-12-09 23:04:38,seq_goto,chap12,8
467627,2014-12-09 23:04:39,video_event,chap12,8
467628,2014-12-09 23:05:16,seq_goto,chap12,8
467633,2014-12-09 23:05:39,problem_check,chap12,8
467634,2014-12-09 23:05:40,problem_graded,chap12,8
467635,2014-12-09 23:05:41,problem_check,chap12,8
467636,2014-12-09 23:05:41,problem_graded,chap12,8
467637,2014-12-09 23:05:41,problem_show,chap12,8
467639,2014-12-09 23:05:45,problem_show,chap12,8
467643,2014-12-09 23:05:46,seq_goto,chap12,8
467644,2014-12-09 23:05:47,video_event,chap12,8
467664,2014-12-09 23:10:19,page_close,chap12,8
467665,2014-12-09 23:10:19,video_event,chap12,8
480895,2014-12-13 20:43:39,page_close,chap12,12
480896,2014-12-13 20:43:47,page_close,chap12,12
480947,2014-12-13 20:52:10,seq_goto,chap12,12
480948,2014-12-13 20:53:34,seq_goto,chap12,12
480949,2014-12-13 20:53:34,video_event,chap12,12
480965,2014-12-13 20:56:59,seq_goto,chap12,12
481057,2014-12-13 21:10:56,problem_check,chap12,12
481058,2014-12-13 21:10:56,problem_graded,chap12,12
481125,2014-12-13 21:23:29,problem_check,chap12,12
481126,2014-12-13 21:23:29,problem_graded,chap12,12
481133,2014-12-13 21:25:00,problem_check,chap12,12
481134,2014-12-13 21:25:00,problem_graded,chap12,12
481135,2014-12-13 21:25:01,problem_show,chap12,12
481136,2014-12-13 21:25:08,problem_show,chap12,12
481143,2014-12-13 21:25:33,page_close,chap12,12
481144,2014-12-13 21:25:34,video_event,chap12,12
481159,2014-12-13 21:31:56,problem_check,chap12,12
481160,2014-12-13 21:31:56,problem_graded,chap12,12
481161,2014-12-13 21:33:00,problem_check,chap12,12
481162,2014-12-13 21:33:00,problem_graded,chap12,12
481163,2014-12-13 21:33:04,problem_check,chap12,12
481164,2014-12-13 21:33:04,problem_graded,chap12,12
481165,2014-12-13 21:33:07,problem_show,chap12,12
481166,2014-12-13 21:33:13,seq_goto,chap12,12
481183,2014-12-13 21:35:54,problem_check,chap12,12
481184,2014-12-13 21:35:54,problem_graded,chap12,12
481185,2014-12-13 21:37:00,problem_check,chap12,12
481186,2014-12-13 21:37:00,problem_graded,chap12,12
481203,2014-12-13 21:41:08,problem_check,chap12,12
481204,2014-12-13 21:41:09,problem_graded,chap12,12
481205,2014-12-13 21:41:40,problem_show,chap12,12
481206,2014-12-13 21:42:00,seq_goto,chap12,12
481240,2014-12-13 21:54:10,problem_check,chap12,12
481241,2014-12-13 21:54:11,problem_graded,chap12,12
481248,2014-12-13 21:58:11,problem_check,chap12,12
481249,2014-12-13 21:58:12,problem_graded,chap12,12
481250,2014-12-13 21:58:16,seq_goto,chap12,12
481251,2014-12-13 21:58:26,page_close,chap12,12
482595,2014-12-14 10:53:54,page_close,chap12,13
482604,2014-12-14 10:55:26,page_close,chap12,13
482643,2014-12-14 11:01:35,seq_goto,chap13,6
482657,2014-12-14 11:04:33,problem_check,chap13,6
482658,2014-12-14 11:04:34,problem_graded,chap13,6
482659,2014-12-14 11:04:35,problem_show,chap13,6
482660,2014-12-14 11:04:42,seq_goto,chap13,6
482661,2014-12-14 11:04:43,video_event,chap13,6
482705,2014-12-14 11:10:43,seq_goto,chap13,6
482706,2014-12-14 11:11:10,problem_check,chap13,6
482707,2014-12-14 11:11:10,problem_graded,chap13,6
482708,2014-12-14 11:11:11,problem_check,chap13,6
482709,2014-12-14 11:11:11,problem_check,chap13,6
482710,2014-12-14 11:11:11,problem_graded,chap13,6
482711,2014-12-14 11:11:11,problem_graded,chap13,6
482712,2014-12-14 11:11:12,problem_check,chap13,6
482713,2014-12-14 11:11:12,problem_graded,chap13,6
482714,2014-12-14 11:11:14,seq_goto,chap13,6
482715,2014-12-14 11:11:14,video_event,chap13,6
482730,2014-12-14 11:16:58,seq_goto,chap13,6
482731,2014-12-14 11:16:59,seq_goto,chap13,6
482734,2014-12-14 11:17:38,problem_check,chap13,6
482735,2014-12-14 11:17:38,problem_graded,chap13,6
482780,2014-12-14 11:23:01,problem_check,chap13,6
482781,2014-12-14 11:23:01,problem_graded,chap13,6
482870,2014-12-14 11:35:07,problem_check,chap13,6
482871,2014-12-14 11:35:07,problem_graded,chap13,6
482872,2014-12-14 11:35:08,problem_show,chap13,6
482873,2014-12-14 11:35:09,problem_show,chap13,6
482874,2014-12-14 11:35:10,problem_show,chap13,6
482877,2014-12-14 11:35:45,page_close,chap13,6
482878,2014-12-14 11:35:45,video_event,chap13,6
483045,2014-12-14 11:55:40,page_close,chap13,6
483143,2014-12-14 12:15:56,problem_check,chap12,13
483144,2014-12-14 12:15:57,problem_graded,chap12,13
483240,2014-12-14 12:26:37,problem_check,chap12,13
483241,2014-12-14 12:26:37,problem_graded,chap12,13
483325,2014-12-14 12:39:21,problem_check,chap12,13
483326,2014-12-14 12:39:22,problem_graded,chap12,13
483329,2014-12-14 12:40:16,problem_show,chap12,13
483334,2014-12-14 12:40:28,seq_goto,chap12,13
483417,2014-12-14 13:01:04,page_close,chap12,13
486641,2014-12-14 20:19:02,page_close,chap12,13
486773,2014-12-14 20:27:47,problem_check,chap12,13
486774,2014-12-14 20:27:47,problem_graded,chap12,13
486775,2014-12-14 20:27:51,problem_check,chap12,13
486776,2014-12-14 20:27:51,problem_graded,chap12,13
486796,2014-12-14 20:28:56,problem_check,chap12,13
486797,2014-12-14 20:28:56,problem_graded,chap12,13
486804,2014-12-14 20:29:22,problem_show,chap12,13
486809,2014-12-14 20:29:35,seq_goto,chap12,13
487130,2014-12-14 20:52:50,problem_check,chap12,13
487131,2014-12-14 20:52:50,problem_graded,chap12,13
487147,2014-12-14 20:53:15,problem_check,chap12,13
487148,2014-12-14 20:53:15,problem_graded,chap12,13
487154,2014-12-14 20:53:30,problem_check,chap12,13
487155,2014-12-14 20:53:30,problem_graded,chap12,13
487156,2014-12-14 20:53:32,problem_show,chap12,13
487164,2014-12-14 20:53:55,seq_goto,chap12,13
487169,2014-12-14 20:54:02,seq_goto,chap12,13
487170,2014-12-14 20:54:02,seq_goto,chap12,13
487172,2014-12-14 20:54:06,seq_goto,chap12,13
487174,2014-12-14 20:54:09,seq_goto,chap12,13
487175,2014-12-14 20:54:13,seq_goto,chap12,13
487176,2014-12-14 20:54:13,seq_goto,chap12,13
487227,2014-12-14 21:02:29,problem_check,chap12,13
487228,2014-12-14 21:02:29,problem_graded,chap12,13
487236,2014-12-14 21:03:19,problem_check,chap12,13
487237,2014-12-14 21:03:19,problem_graded,chap12,13
487238,2014-12-14 21:03:27,problem_check,chap12,13
487239,2014-12-14 21:03:28,problem_graded,chap12,13
487241,2014-12-14 21:03:30,seq_goto,chap12,13
487282,2014-12-14 21:07:28,problem_check,chap12,13
487283,2014-12-14 21:07:28,problem_graded,chap12,13
487284,2014-12-14 21:07:30,problem_check,chap12,13
487285,2014-12-14 21:07:30,problem_graded,chap12,13
487286,2014-12-14 21:07:32,problem_check,chap12,13
487287,2014-12-14 21:07:32,problem_graded,chap12,13
487288,2014-12-14 21:07:34,seq_goto,chap12,13
487309,2014-12-14 21:10:21,problem_check,chap12,13
487310,2014-12-14 21:10:21,problem_check,chap12,13
487311,2014-12-14 21:10:22,problem_graded,chap12,13
487312,2014-12-14 21:10:22,problem_graded,chap12,13
487320,2014-12-14 21:11:08,problem_check,chap12,13
487321,2014-12-14 21:11:08,problem_check,chap12,13
487322,2014-12-14 21:11:08,problem_graded,chap12,13
487323,2014-12-14 21:11:08,problem_graded,chap12,13
487324,2014-12-14 21:11:09,problem_check,chap12,13
487325,2014-12-14 21:11:09,problem_graded,chap12,13
487327,2014-12-14 21:11:12,problem_show,chap12,13
487329,2014-12-14 21:11:14,seq_goto,chap12,13
487330,2014-12-14 21:11:18,seq_goto,chap12,13
487331,2014-12-14 21:11:19,seq_goto,chap12,13
487332,2014-12-14 21:11:21,seq_goto,chap12,13
487338,2014-12-14 21:11:29,page_close,chap12,13
487344,2014-12-14 21:11:50,page_close,chap12,13
487345,2014-12-14 21:11:54,seq_goto,chap12,13
487525,2014-12-14 21:24:37,problem_check,chap12,13
487526,2014-12-14 21:24:38,problem_graded,chap12,13
487530,2014-12-14 21:24:55,problem_check,chap12,13
487531,2014-12-14 21:24:55,problem_graded,chap12,13
487555,2014-12-14 21:26:41,problem_check,chap12,13
487556,2014-12-14 21:26:41,problem_graded,chap12,13
487557,2014-12-14 21:26:43,problem_show,chap12,13
487564,2014-12-14 21:27:09,page_close,chap12,13
487588,2014-12-14 21:27:47,page_close,chap12,13
487592,2014-12-14 21:27:57,page_close,chap13,6
487595,2014-12-14 21:28:15,page_close,chap13,6
487596,2014-12-14 21:28:15,video_event,chap13,6
493004,2014-12-15 21:28:06,page_close,chap13,7
493044,2014-12-15 21:38:23,seq_goto,chap13,7
493057,2014-12-15 21:40:43,seq_goto,chap13,7
493058,2014-12-15 21:40:43,video_event,chap13,7
493084,2014-12-15 21:45:05,seq_goto,chap13,7
493085,2014-12-15 21:45:05,video_event,chap13,7
493109,2014-12-15 21:51:59,seq_goto,chap13,7
493110,2014-12-15 21:53:53,problem_check,chap13,7
493111,2014-12-15 21:53:53,problem_graded,chap13,7
493112,2014-12-15 21:53:54,problem_check,chap13,7
493113,2014-12-15 21:53:55,problem_check,chap13,7
493114,2014-12-15 21:53:55,problem_graded,chap13,7
493115,2014-12-15 21:53:55,problem_graded,chap13,7
493116,2014-12-15 21:53:55,problem_check,chap13,7
493117,2014-12-15 21:53:56,problem_graded,chap13,7
493118,2014-12-15 21:53:57,problem_show,chap13,7
493119,2014-12-15 21:54:00,seq_goto,chap13,7
493120,2014-12-15 21:54:00,video_event,chap13,7
493145,2014-12-15 21:57:30,page_close,chap13,7
493146,2014-12-15 21:57:30,video_event,chap13,7
493147,2014-12-15 21:57:38,page_close,chap13,7
493148,2014-12-15 21:57:38,video_event,chap13,7
493155,2014-12-15 22:03:30,seq_goto,chap13,7
493162,2014-12-15 22:04:56,seq_goto,chap13,7
493163,2014-12-15 22:04:56,video_event,chap13,7
493169,2014-12-15 22:05:58,seq_goto,chap13,7
493170,2014-12-15 22:06:02,problem_check,chap13,7
493171,2014-12-15 22:06:02,problem_graded,chap13,7
493172,2014-12-15 22:06:03,problem_show,chap13,7
493173,2014-12-15 22:06:05,seq_goto,chap13,7
493174,2014-12-15 22:06:06,video_event,chap13,7
493176,2014-12-15 22:07:23,seq_goto,chap13,7
493177,2014-12-15 22:07:24,video_event,chap13,7
493193,2014-12-15 22:12:45,seq_goto,chap13,7
493196,2014-12-15 22:13:03,problem_check,chap13,7
493197,2014-12-15 22:13:03,problem_graded,chap13,7
493198,2014-12-15 22:13:04,problem_show,chap13,7
493199,2014-12-15 22:13:11,page_close,chap13,7
493200,2014-12-15 22:13:11,video_event,chap13,7
493239,2014-12-15 22:19:02,seq_goto,chap13,7
493273,2014-12-15 22:21:35,problem_check,chap13,7
493274,2014-12-15 22:21:35,problem_graded,chap13,7
493275,2014-12-15 22:21:36,problem_check,chap13,7
493276,2014-12-15 22:21:36,problem_graded,chap13,7
493277,2014-12-15 22:21:37,problem_check,chap13,7
493278,2014-12-15 22:21:37,problem_graded,chap13,7
493279,2014-12-15 22:21:38,problem_show,chap13,7
493284,2014-12-15 22:22:57,page_close,chap13,7
493285,2014-12-15 22:22:58,video_event,chap13,7
493289,2014-12-15 22:23:42,page_close,chap13,7
493290,2014-12-15 22:23:42,video_event,chap13,7
518099,2014-12-22 6:15:19,page_close,chap13,14
518100,2014-12-22 6:15:30,page_close,chap14,7
518101,2014-12-22 6:15:30,video_event,chap14,7
518103,2014-12-22 6:16:19,page_close,chap14,7
518192,2014-12-22 6:24:28,page_close,chap14,7
518193,2014-12-22 6:24:28,video_event,chap14,7
518290,2014-12-22 6:30:54,seq_goto,chap14,7
518292,2014-12-22 6:31:29,problem_check,chap14,7
518293,2014-12-22 6:31:30,problem_graded,chap14,7
518294,2014-12-22 6:31:33,seq_goto,chap14,7
518295,2014-12-22 6:31:33,video_event,chap14,7
518298,2014-12-22 6:31:37,seq_goto,chap14,7
518299,2014-12-22 6:31:41,problem_check,chap14,7
518300,2014-12-22 6:31:42,problem_graded,chap14,7
518301,2014-12-22 6:31:52,problem_check,chap14,7
518302,2014-12-22 6:31:52,problem_graded,chap14,7
518303,2014-12-22 6:31:54,problem_show,chap14,7
518304,2014-12-22 6:32:02,seq_goto,chap14,7
518305,2014-12-22 6:32:02,video_event,chap14,7
518331,2014-12-22 6:36:47,seq_goto,chap14,7
518352,2014-12-22 6:39:49,problem_check,chap14,7
518353,2014-12-22 6:39:49,problem_graded,chap14,7
518354,2014-12-22 6:39:50,problem_check,chap14,7
518355,2014-12-22 6:39:50,problem_graded,chap14,7
518356,2014-12-22 6:39:51,problem_check,chap14,7
518357,2014-12-22 6:39:51,problem_graded,chap14,7
518358,2014-12-22 6:39:52,problem_show,chap14,7
518359,2014-12-22 6:39:54,seq_goto,chap14,7
518360,2014-12-22 6:39:54,video_event,chap14,7
518390,2014-12-22 6:42:56,seq_goto,chap14,7
518394,2014-12-22 6:43:39,problem_check,chap14,7
518395,2014-12-22 6:43:40,problem_graded,chap14,7
518396,2014-12-22 6:43:40,problem_check,chap14,7
518397,2014-12-22 6:43:41,problem_graded,chap14,7
518398,2014-12-22 6:43:41,problem_check,chap14,7
518399,2014-12-22 6:43:42,problem_graded,chap14,7
518400,2014-12-22 6:43:43,problem_show,chap14,7
518401,2014-12-22 6:43:45,seq_goto,chap14,7
518402,2014-12-22 6:43:46,video_event,chap14,7
518441,2014-12-22 6:49:26,page_close,chap14,7
518442,2014-12-22 6:49:26,video_event,chap14,7
518495,2014-12-22 6:58:34,seq_goto,chap14,7
518496,2014-12-22 6:58:34,seq_goto,chap14,7
518592,2014-12-22 7:11:59,problem_check,chap14,7
518593,2014-12-22 7:12:00,problem_graded,chap14,7
518622,2014-12-22 7:16:18,problem_check,chap14,7
518623,2014-12-22 7:16:18,problem_graded,chap14,7
518624,2014-12-22 7:16:19,problem_check,chap14,7
518625,2014-12-22 7:16:19,problem_graded,chap14,7
518626,2014-12-22 7:16:20,problem_show,chap14,7
518628,2014-12-22 7:16:22,seq_goto,chap14,7
518629,2014-12-22 7:16:23,video_event,chap14,7
518672,2014-12-22 7:21:44,seq_goto,chap14,7
518698,2014-12-22 7:26:21,problem_check,chap14,7
518699,2014-12-22 7:26:22,problem_graded,chap14,7
518700,2014-12-22 7:26:22,problem_check,chap14,7
518701,2014-12-22 7:26:23,problem_graded,chap14,7
518702,2014-12-22 7:26:24,problem_check,chap14,7
518703,2014-12-22 7:26:24,problem_graded,chap14,7
518704,2014-12-22 7:26:25,problem_show,chap14,7
518705,2014-12-22 7:26:36,page_close,chap14,7
518706,2014-12-22 7:26:36,video_event,chap14,7
522336,2014-12-23 5:49:43,page_close,chap14,8
522339,2014-12-23 5:49:50,page_close,chap14,8
522384,2014-12-23 5:56:43,seq_goto,chap14,8
522397,2014-12-23 5:57:38,problem_check,chap14,8
522398,2014-12-23 5:57:38,problem_graded,chap14,8
522399,2014-12-23 5:57:39,problem_check,chap14,8
522400,2014-12-23 5:57:39,problem_graded,chap14,8
522401,2014-12-23 5:57:40,problem_check,chap14,8
522402,2014-12-23 5:57:41,problem_graded,chap14,8
522403,2014-12-23 5:57:47,page_close,chap14,8
522404,2014-12-23 5:57:47,video_event,chap14,8
522459,2014-12-23 6:02:52,seq_goto,chap14,8
522462,2014-12-23 6:03:44,problem_check,chap14,8
522463,2014-12-23 6:03:44,problem_graded,chap14,8
522464,2014-12-23 6:03:46,problem_check,chap14,8
522465,2014-12-23 6:03:46,problem_graded,chap14,8
522466,2014-12-23 6:03:47,problem_check,chap14,8
522467,2014-12-23 6:03:47,problem_graded,chap14,8
522468,2014-12-23 6:03:48,problem_show,chap14,8
522469,2014-12-23 6:03:50,seq_goto,chap14,8
522470,2014-12-23 6:03:51,video_event,chap14,8
522488,2014-12-23 6:07:15,seq_goto,chap14,8
522489,2014-12-23 6:07:30,seq_goto,chap14,8
522490,2014-12-23 6:07:30,video_event,chap14,8
522491,2014-12-23 6:08:14,seq_goto,chap14,8
522496,2014-12-23 6:08:23,seq_goto,chap14,8
522497,2014-12-23 6:08:23,video_event,chap14,8
522498,2014-12-23 6:08:24,seq_goto,chap14,8
522499,2014-12-23 6:08:32,seq_goto,chap14,8
522514,2014-12-23 6:11:10,problem_check,chap14,8
522515,2014-12-23 6:11:11,problem_graded,chap14,8
522516,2014-12-23 6:11:11,problem_check,chap14,8
522517,2014-12-23 6:11:12,problem_graded,chap14,8
522518,2014-12-23 6:11:12,problem_check,chap14,8
522519,2014-12-23 6:11:12,problem_check,chap14,8
522520,2014-12-23 6:11:12,problem_graded,chap14,8
522521,2014-12-23 6:11:13,problem_graded,chap14,8
522522,2014-12-23 6:11:13,problem_show,chap14,8
522524,2014-12-23 6:11:23,page_close,chap14,8
522525,2014-12-23 6:11:23,video_event,chap14,8
522586,2014-12-23 6:23:00,page_close,chap14,8
522587,2014-12-23 6:23:01,video_event,chap14,8
522601,2014-12-23 6:26:02,problem_check,chap14,8
522603,2014-12-23 6:26:03,problem_graded,chap14,8
522605,2014-12-23 6:26:05,problem_show,chap14,8
522611,2014-12-23 6:28:34,seq_goto,chap14,8
522612,2014-12-23 6:28:37,seq_goto,chap14,8
522613,2014-12-23 6:28:41,seq_goto,chap14,8
522672,2014-12-23 6:42:22,problem_check,chap14,8
522673,2014-12-23 6:42:22,problem_graded,chap14,8
522685,2014-12-23 6:44:14,problem_check,chap14,8
522686,2014-12-23 6:44:14,problem_graded,chap14,8
522690,2014-12-23 6:44:49,problem_check,chap14,8
522691,2014-12-23 6:44:49,problem_graded,chap14,8
522694,2014-12-23 6:45:02,seq_goto,chap14,8
522755,2014-12-23 6:55:20,problem_check,chap14,8
522756,2014-12-23 6:55:21,problem_graded,chap14,8
522759,2014-12-23 7:00:40,problem_check,chap14,8
522760,2014-12-23 7:00:40,problem_graded,chap14,8
522761,2014-12-23 7:01:50,problem_check,chap14,8
522762,2014-12-23 7:01:50,problem_graded,chap14,8
522763,2014-12-23 7:01:52,problem_show,chap14,8
522764,2014-12-23 7:01:54,seq_goto,chap14,8
522765,2014-12-23 7:02:11,page_close,chap14,8
525110,2014-12-24 4:19:55,page_close,chap14,9
525146,2014-12-24 4:37:07,seq_goto,chap15,2
525159,2014-12-24 4:41:00,problem_check,chap15,2
525160,2014-12-24 4:41:00,problem_check,chap15,2
525161,2014-12-24 4:41:00,problem_graded,chap15,2
525162,2014-12-24 4:41:01,problem_graded,chap15,2
525178,2014-12-24 4:49:02,problem_check,chap15,2
525179,2014-12-24 4:49:03,problem_graded,chap15,2
525180,2014-12-24 4:49:04,problem_check,chap15,2
525181,2014-12-24 4:49:04,problem_graded,chap15,2
525182,2014-12-24 4:49:05,problem_show,chap15,2
525183,2014-12-24 4:49:07,problem_show,chap15,2
525184,2014-12-24 4:49:11,page_close,chap15,2
525185,2014-12-24 4:49:11,video_event,chap15,2
525218,2014-12-24 5:01:28,seq_goto,chap15,2
525219,2014-12-24 5:03:15,problem_check,chap15,2
525220,2014-12-24 5:03:15,problem_check,chap15,2
525221,2014-12-24 5:03:15,problem_check,chap15,2
525222,2014-12-24 5:03:16,problem_graded,chap15,2
525223,2014-12-24 5:03:16,problem_graded,chap15,2
525224,2014-12-24 5:03:16,problem_graded,chap15,2
525242,2014-12-24 5:06:40,problem_check,chap15,2
525243,2014-12-24 5:06:40,problem_graded,chap15,2
525244,2014-12-24 5:06:46,problem_show,chap15,2
525245,2014-12-24 5:06:55,problem_show,chap15,2
525246,2014-12-24 5:06:57,seq_goto,chap15,2
525247,2014-12-24 5:06:57,video_event,chap15,2
525248,2014-12-24 5:10:59,seq_goto,chap15,2
525255,2014-12-24 5:14:47,problem_check,chap15,2
525256,2014-12-24 5:14:48,problem_graded,chap15,2
525257,2014-12-24 5:14:49,problem_check,chap15,2
525258,2014-12-24 5:14:49,problem_graded,chap15,2
525259,2014-12-24 5:14:50,problem_check,chap15,2
525260,2014-12-24 5:14:50,problem_graded,chap15,2
525493,2014-12-24 6:08:34,page_close,chap15,2
525494,2014-12-24 6:08:34,video_event,chap15,2
527996,2014-12-25 4:55:23,page_close,chap15,3
527997,2014-12-25 4:55:32,page_close,chap15,3
528165,2014-12-25 5:15:45,seq_goto,chap15,3
528166,2014-12-25 5:15:45,seq_goto,chap15,3
528169,2014-12-25 5:16:16,problem_check,chap15,3
528170,2014-12-25 5:16:16,problem_check,chap15,3
528171,2014-12-25 5:16:17,problem_graded,chap15,3
528172,2014-12-25 5:16:17,problem_graded,chap15,3
528173,2014-12-25 5:16:18,problem_check,chap15,3
528174,2014-12-25 5:16:18,problem_graded,chap15,3
528175,2014-12-25 5:16:19,problem_show,chap15,3
528176,2014-12-25 5:16:20,seq_goto,chap15,3
528177,2014-12-25 5:16:21,video_event,chap15,3
528196,2014-12-25 5:22:46,seq_goto,chap15,3
528197,2014-12-25 5:23:00,seq_goto,chap15,3
528198,2014-12-25 5:23:00,video_event,chap15,3
528199,2014-12-25 5:23:03,seq_goto,chap15,3
528200,2014-12-25 5:23:04,seq_goto,chap15,3
528201,2014-12-25 5:23:05,video_event,chap15,3
528207,2014-12-25 5:23:58,seq_goto,chap15,3
528208,2014-12-25 5:24:08,seq_goto,chap15,3
528209,2014-12-25 5:24:09,video_event,chap15,3
528210,2014-12-25 5:24:13,seq_goto,chap15,3
528212,2014-12-25 5:24:14,seq_goto,chap15,3
528221,2014-12-25 5:24:41,problem_check,chap15,3
528222,2014-12-25 5:24:42,problem_graded,chap15,3
528256,2014-12-25 5:30:49,problem_check,chap15,3
528257,2014-12-25 5:30:50,problem_graded,chap15,3
528264,2014-12-25 5:31:58,problem_check,chap15,3
528265,2014-12-25 5:31:58,problem_graded,chap15,3
528266,2014-12-25 5:32:00,problem_show,chap15,3
528267,2014-12-25 5:32:04,problem_show,chap15,3
528268,2014-12-25 5:32:04,problem_show,chap15,3
528271,2014-12-25 5:32:10,problem_show,chap15,3
528272,2014-12-25 5:32:22,page_close,chap15,3
528273,2014-12-25 5:32:23,video_event,chap15,3
528306,2014-12-25 5:35:31,seq_goto,chap15,3
528322,2014-12-25 5:38:15,problem_check,chap15,3
528324,2014-12-25 5:38:16,problem_graded,chap15,3
528325,2014-12-25 5:38:16,problem_check,chap15,3
528326,2014-12-25 5:38:17,problem_graded,chap15,3
528327,2014-12-25 5:38:18,problem_check,chap15,3
528328,2014-12-25 5:38:18,problem_graded,chap15,3
528329,2014-12-25 5:38:20,seq_goto,chap15,3
528330,2014-12-25 5:38:21,video_event,chap15,3
528354,2014-12-25 5:42:31,seq_goto,chap15,3
528365,2014-12-25 5:44:17,problem_check,chap15,3
528366,2014-12-25 5:44:18,problem_graded,chap15,3
528367,2014-12-25 5:44:40,problem_check,chap15,3
528368,2014-12-25 5:44:40,problem_check,chap15,3
528369,2014-12-25 5:44:40,problem_graded,chap15,3
528370,2014-12-25 5:44:40,problem_graded,chap15,3
528371,2014-12-25 5:44:41,problem_show,chap15,3
528372,2014-12-25 5:44:42,problem_show,chap15,3
528373,2014-12-25 5:44:45,seq_goto,chap15,3
528374,2014-12-25 5:44:45,video_event,chap15,3
528390,2014-12-25 5:49:34,seq_goto,chap15,3
528391,2014-12-25 5:49:34,seq_goto,chap15,3
528392,2014-12-25 5:50:11,problem_check,chap15,3
528393,2014-12-25 5:50:12,problem_graded,chap15,3
528394,2014-12-25 5:50:12,problem_check,chap15,3
528395,2014-12-25 5:50:12,problem_check,chap15,3
528397,2014-12-25 5:50:13,problem_graded,chap15,3
528398,2014-12-25 5:50:13,problem_graded,chap15,3
528399,2014-12-25 5:50:14,problem_check,chap15,3
528400,2014-12-25 5:50:14,problem_graded,chap15,3
528401,2014-12-25 5:50:15,problem_show,chap15,3
528404,2014-12-25 5:50:34,page_close,chap15,3
528405,2014-12-25 5:50:34,video_event,chap15,3
531736,2014-12-26 6:09:12,page_close,chap15,4
531737,2014-12-26 6:09:21,page_close,chap15,4
531738,2014-12-26 6:09:28,problem_show,chap15,4
531739,2014-12-26 6:09:34,page_close,chap15,4
531771,2014-12-26 6:16:46,seq_goto,chap15,4
531781,2014-12-26 6:18:30,problem_check,chap15,4
531782,2014-12-26 6:18:31,problem_graded,chap15,4
531783,2014-12-26 6:18:31,problem_check,chap15,4
531784,2014-12-26 6:18:31,problem_graded,chap15,4
531785,2014-12-26 6:18:32,problem_show,chap15,4
531786,2014-12-26 6:19:14,page_close,chap15,4
531787,2014-12-26 6:19:14,video_event,chap15,4
531792,2014-12-26 6:23:45,seq_goto,chap15,4
531794,2014-12-26 6:25:17,problem_graded,chap15,4
531795,2014-12-26 6:25:18,problem_check,chap15,4
531804,2014-12-26 6:26:37,problem_check,chap15,4
531805,2014-12-26 6:26:39,problem_graded,chap15,4
531828,2014-12-26 6:34:53,problem_check,chap15,4
531829,2014-12-26 6:34:53,problem_graded,chap15,4
531830,2014-12-26 6:34:54,problem_show,chap15,4
531831,2014-12-26 6:34:57,problem_show,chap15,4
531832,2014-12-26 6:34:59,seq_goto,chap15,4
531833,2014-12-26 6:35:00,video_event,chap15,4
531837,2014-12-26 6:41:03,seq_goto,chap15,4
531847,2014-12-26 6:44:16,problem_check,chap15,4
531848,2014-12-26 6:44:16,problem_check,chap15,4
531849,2014-12-26 6:44:17,problem_graded,chap15,4
531850,2014-12-26 6:44:17,problem_graded,chap15,4
531861,2014-12-26 6:57:38,problem_check,chap15,4
531862,2014-12-26 6:57:39,problem_graded,chap15,4
531863,2014-12-26 6:57:40,problem_check,chap15,4
531864,2014-12-26 6:57:40,problem_check,chap15,4
531865,2014-12-26 6:57:40,problem_graded,chap15,4
531866,2014-12-26 6:57:41,problem_graded,chap15,4
531867,2014-12-26 6:57:41,problem_show,chap15,4
531868,2014-12-26 6:57:44,problem_show,chap15,4
531869,2014-12-26 6:58:02,page_close,chap15,4
531870,2014-12-26 6:58:03,video_event,chap15,4
